original_name,pdf_file,text_file,source_page,pdf_url
Cy4Gate-Northern-MidCap-Event-2026-Presentation.pdf,pdfs/Cy4Gate-Northern-MidCap-Event-2026-Presentation__b79bcb12f6.pdf,extracted/Cy4Gate-Northern-MidCap-Event-2026-Presentation__b79bcb12f6.txt,https://www.cy4gate.com/company/investor-relations/presentations-and-financial-highlight/year-3/,https://www.cy4gate.com/assets/Uploads/Cy4Gate-Northern-MidCap-Event-2026-Presentation.pdf
Cy4Gate-Q1-2026-Presentation-DEF.pdf,pdfs/Cy4Gate-Q1-2026-Presentation-DEF__8c09226d65.pdf,extracted/Cy4Gate-Q1-2026-Presentation-DEF__8c09226d65.txt,https://www.cy4gate.com/company/investor-relations/presentations-and-financial-highlight/year-3/,https://www.cy4gate.com/assets/Uploads/Cy4Gate-Q1-2026-Presentation-DEF.pdf
Cy4Gate-STAR-Conference-2026-last.pdf,pdfs/Cy4Gate-STAR-Conference-2026-last__a7e17a04dd.pdf,extracted/Cy4Gate-STAR-Conference-2026-last__a7e17a04dd.txt,https://www.cy4gate.com/company/investor-relations/presentations-and-financial-highlight/year-3/,https://www.cy4gate.com/assets/Uploads/Cy4Gate-STAR-Conference-2026-last.pdf
Cy4Gate-FY-2025-Presentation-last2.pdf,pdfs/Cy4Gate-FY-2025-Presentation-last2__89e38d72ff.pdf,extracted/Cy4Gate-FY-2025-Presentation-last2__89e38d72ff.txt,https://www.cy4gate.com/company/investor-relations/presentations-and-financial-highlight/year-3/,https://www.cy4gate.com/assets/Uploads/Cy4Gate-FY-2025-Presentation-last2.pdf
Download,pdfs/Download__35d319fdb1.pdf,extracted/Download__35d319fdb1.txt,https://ec.europa.eu/transparency-initiative/meetings/meeting.do?host=61569260-525e-42f8-aa52-51d7bfc30d4f&page=1,https://ec.europa.eu/transparency-initiative/meetings/data/meetings/2fb28aca-22d3-4958-b15d-85a8c3b799db/minutes
Download,pdfs/Download__c3b3af94fa.pdf,extracted/Download__c3b3af94fa.txt,https://ec.europa.eu/transparency-initiative/meetings/meeting.do?host=61569260-525e-42f8-aa52-51d7bfc30d4f&page=1,https://ec.europa.eu/transparency-initiative/meetings/data/meetings/77ef6cfd-687d-4fb8-9061-ea51bc91015f/minutes
Download,pdfs/Download__55f6fe6aba.pdf,extracted/Download__55f6fe6aba.txt,https://ec.europa.eu/transparency-initiative/meetings/meeting.do?host=61569260-525e-42f8-aa52-51d7bfc30d4f&page=1,https://ec.europa.eu/transparency-initiative/meetings/data/meetings/0fe9bb66-69fc-494d-896b-5a5fc05fb9f4/minutes
Download,pdfs/Download__24259f5cab.pdf,extracted/Download__24259f5cab.txt,https://ec.europa.eu/transparency-initiative/meetings/meeting.do?host=61569260-525e-42f8-aa52-51d7bfc30d4f&page=1,https://ec.europa.eu/transparency-initiative/meetings/data/meetings/36cc64d2-2330-4360-88c4-a0e9237fb2f5/minutes
Download,pdfs/Download__15602e987e.pdf,extracted/Download__15602e987e.txt,https://ec.europa.eu/transparency-initiative/meetings/meeting.do?host=61569260-525e-42f8-aa52-51d7bfc30d4f&page=1,https://ec.europa.eu/transparency-initiative/meetings/data/meetings/4901d72c-df49-44a0-86c5-aa9990f92313/minutes
Download,pdfs/Download__a7c043a6aa.pdf,extracted/Download__a7c043a6aa.txt,https://ec.europa.eu/transparency-initiative/meetings/meeting.do?host=61569260-525e-42f8-aa52-51d7bfc30d4f&page=1,https://ec.europa.eu/transparency-initiative/meetings/data/meetings/e255f7de-09c2-40cd-afd1-e326b9f81bf2/minutes
Download,pdfs/Download__d087e0b040.pdf,extracted/Download__d087e0b040.txt,https://ec.europa.eu/transparency-initiative/meetings/meeting.do?host=61569260-525e-42f8-aa52-51d7bfc30d4f&page=1,https://ec.europa.eu/transparency-initiative/meetings/data/meetings/eb478285-a66c-4508-ba2f-74b55324dfee/minutes
Download,pdfs/Download__1e705fa5a0.pdf,extracted/Download__1e705fa5a0.txt,https://ec.europa.eu/transparency-initiative/meetings/meeting.do?host=61569260-525e-42f8-aa52-51d7bfc30d4f&page=1,https://ec.europa.eu/transparency-initiative/meetings/data/meetings/93859c13-9415-4956-b621-691b443dcf47/minutes
Download,pdfs/Download__c102539a5d.pdf,extracted/Download__c102539a5d.txt,https://ec.europa.eu/transparency-initiative/meetings/meeting.do?host=61569260-525e-42f8-aa52-51d7bfc30d4f&page=1,https://ec.europa.eu/transparency-initiative/meetings/data/meetings/401208c5-19c6-4624-910e-ee493f18a6e6/minutes
Download,pdfs/Download__ba9758e8c5.pdf,extracted/Download__ba9758e8c5.txt,https://ec.europa.eu/transparency-initiative/meetings/meeting.do?host=61569260-525e-42f8-aa52-51d7bfc30d4f&page=1,https://ec.europa.eu/transparency-initiative/meetings/data/meetings/543894c8-834d-45a3-a6b3-c5ade83c239d/minutes
Download,pdfs/Download__3ea153e2ae.pdf,extracted/Download__3ea153e2ae.txt,https://ec.europa.eu/transparency-initiative/meetings/meeting.do?host=61569260-525e-42f8-aa52-51d7bfc30d4f&page=1,https://ec.europa.eu/transparency-initiative/meetings/data/meetings/6a4c0148-997c-4695-806f-97046c27b308/minutes
Download,pdfs/Download__8c7b35610a.pdf,extracted/Download__8c7b35610a.txt,https://ec.europa.eu/transparency-initiative/meetings/meeting.do?host=61569260-525e-42f8-aa52-51d7bfc30d4f&page=1,https://ec.europa.eu/transparency-initiative/meetings/data/meetings/79308e02-52e1-4989-8820-327a6f95b5d0/minutes
Download,pdfs/Download__7fc3e8fbbe.pdf,extracted/Download__7fc3e8fbbe.txt,https://ec.europa.eu/transparency-initiative/meetings/meeting.do?host=61569260-525e-42f8-aa52-51d7bfc30d4f&page=1,https://ec.europa.eu/transparency-initiative/meetings/data/meetings/ebd4f9bb-26c5-4b47-9512-74f6b98b1fa9/minutes
Download,pdfs/Download__972cd1d319.pdf,extracted/Download__972cd1d319.txt,https://ec.europa.eu/transparency-initiative/meetings/meeting.do?host=61569260-525e-42f8-aa52-51d7bfc30d4f&page=1,https://ec.europa.eu/transparency-initiative/meetings/data/meetings/60b3f255-d20a-4b9e-b1ac-9dc83ed6de51/minutes
Download,pdfs/Download__7ec7e0e283.pdf,extracted/Download__7ec7e0e283.txt,https://ec.europa.eu/transparency-initiative/meetings/meeting.do?host=61569260-525e-42f8-aa52-51d7bfc30d4f&page=1,https://ec.europa.eu/transparency-initiative/meetings/data/meetings/1802c57d-dd4f-490e-aa46-e1d9684a33c8/minutes
Download,pdfs/Download__d1e70f5f14.pdf,extracted/Download__d1e70f5f14.txt,https://ec.europa.eu/transparency-initiative/meetings/meeting.do?host=61569260-525e-42f8-aa52-51d7bfc30d4f&page=1,https://ec.europa.eu/transparency-initiative/meetings/data/meetings/a4a0720b-d686-489e-aece-e2d29f03955f/minutes
Download,pdfs/Download__c2c91683f0.pdf,extracted/Download__c2c91683f0.txt,https://ec.europa.eu/transparency-initiative/meetings/meeting.do?host=61569260-525e-42f8-aa52-51d7bfc30d4f&page=1,https://ec.europa.eu/transparency-initiative/meetings/data/meetings/c5502bfe-fca6-4843-9d73-0d1879757391/minutes
Download,pdfs/Download__d3bb08f1f0.pdf,extracted/Download__d3bb08f1f0.txt,https://ec.europa.eu/transparency-initiative/meetings/meeting.do?host=61569260-525e-42f8-aa52-51d7bfc30d4f&page=1,https://ec.europa.eu/transparency-initiative/meetings/data/meetings/f497f8f2-6bda-4809-a0fd-4f046005c26f/minutes
Download,pdfs/Download__980621d42c.pdf,extracted/Download__980621d42c.txt,https://ec.europa.eu/transparency-initiative/meetings/meeting.do?host=61569260-525e-42f8-aa52-51d7bfc30d4f&page=1,https://ec.europa.eu/transparency-initiative/meetings/data/meetings/b86e856c-4367-4ef0-80ee-93de36a3aa16/minutes
Download,pdfs/Download__f3fb2c27d8.pdf,extracted/Download__f3fb2c27d8.txt,https://ec.europa.eu/transparency-initiative/meetings/meeting.do?host=61569260-525e-42f8-aa52-51d7bfc30d4f&page=1,https://ec.europa.eu/transparency-initiative/meetings/data/meetings/aef00f55-7b0a-4c3a-a873-b4ac9ecaccff/minutes
Download,pdfs/Download__9194c688c1.pdf,extracted/Download__9194c688c1.txt,https://ec.europa.eu/transparency-initiative/meetings/meeting.do?host=aae7124c-b839-4139-9ffe-ad5660fe9404,https://ec.europa.eu/transparency-initiative/meetings/data/meetings/87d799ab-3e2a-4226-86a2-49642a795994/minutes
Download,pdfs/Download__411c36e1ca.pdf,extracted/Download__411c36e1ca.txt,https://ec.europa.eu/transparency-initiative/meetings/meeting.do?host=aae7124c-b839-4139-9ffe-ad5660fe9404,https://ec.europa.eu/transparency-initiative/meetings/data/meetings/062de9d6-9e48-41f9-9ff5-dd5308bda8f9/minutes
Download,pdfs/Download__1fb91e6cf9.pdf,extracted/Download__1fb91e6cf9.txt,https://ec.europa.eu/transparency-initiative/meetings/meeting.do?host=aae7124c-b839-4139-9ffe-ad5660fe9404,https://ec.europa.eu/transparency-initiative/meetings/data/meetings/3f334abe-a1fa-4b3d-8e94-fa8a93ae2ce3/minutes
Download,pdfs/Download__1dd7d2f252.pdf,extracted/Download__1dd7d2f252.txt,https://ec.europa.eu/transparency-initiative/meetings/meeting.do?host=aae7124c-b839-4139-9ffe-ad5660fe9404,https://ec.europa.eu/transparency-initiative/meetings/data/meetings/792cfc22-9f5e-43a7-85e5-076a31a85f9b/minutes
Download,pdfs/Download__c8137b7895.pdf,extracted/Download__c8137b7895.txt,https://ec.europa.eu/transparency-initiative/meetings/meeting.do?host=aae7124c-b839-4139-9ffe-ad5660fe9404,https://ec.europa.eu/transparency-initiative/meetings/data/meetings/5f03199a-445b-4d11-a848-8fe0894531ca/minutes
Download,pdfs/Download__f032e5400d.pdf,extracted/Download__f032e5400d.txt,https://ec.europa.eu/transparency-initiative/meetings/meeting.do?host=aae7124c-b839-4139-9ffe-ad5660fe9404,https://ec.europa.eu/transparency-initiative/meetings/data/meetings/5090c7e3-9417-4eac-8e17-3d6a70331611/minutes
Download,pdfs/Download__c78637ecdc.pdf,extracted/Download__c78637ecdc.txt,https://ec.europa.eu/transparency-initiative/meetings/meeting.do?host=aae7124c-b839-4139-9ffe-ad5660fe9404,https://ec.europa.eu/transparency-initiative/meetings/data/meetings/5c58f0b9-cac6-4c58-8c2a-f86bf675f9c4/minutes
Download,pdfs/Download__1710107d76.pdf,extracted/Download__1710107d76.txt,https://ec.europa.eu/transparency-initiative/meetings/meeting.do?host=aae7124c-b839-4139-9ffe-ad5660fe9404,https://ec.europa.eu/transparency-initiative/meetings/data/meetings/9bed9795-0200-4a23-90e8-e435abc42ae8/minutes
Download,pdfs/Download__66f547eb0e.pdf,extracted/Download__66f547eb0e.txt,https://ec.europa.eu/transparency-initiative/meetings/meeting.do?host=aae7124c-b839-4139-9ffe-ad5660fe9404,https://ec.europa.eu/transparency-initiative/meetings/data/meetings/9e10e8d7-d260-4997-a3a2-72a1b9bfe71a/minutes
Download,pdfs/Download__8a57b9be7b.pdf,extracted/Download__8a57b9be7b.txt,https://ec.europa.eu/transparency-initiative/meetings/meeting.do?host=aae7124c-b839-4139-9ffe-ad5660fe9404,https://ec.europa.eu/transparency-initiative/meetings/data/meetings/a0501a9b-934f-4077-89d9-2b6663f8a5dc/minutes
Download,pdfs/Download__5c027bc69c.pdf,extracted/Download__5c027bc69c.txt,https://ec.europa.eu/transparency-initiative/meetings/meeting.do?host=aae7124c-b839-4139-9ffe-ad5660fe9404,https://ec.europa.eu/transparency-initiative/meetings/data/meetings/5bcf3808-3791-4348-8246-bb83727b1a01/minutes
Download,pdfs/Download__d00caeb57f.pdf,extracted/Download__d00caeb57f.txt,https://ec.europa.eu/transparency-initiative/meetings/meeting.do?host=aae7124c-b839-4139-9ffe-ad5660fe9404,https://ec.europa.eu/transparency-initiative/meetings/data/meetings/cad0ad46-a468-4243-aff2-fe6bf57ad4b6/minutes
Download,pdfs/Download__752ebe2481.pdf,extracted/Download__752ebe2481.txt,https://ec.europa.eu/transparency-initiative/meetings/meeting.do?host=aae7124c-b839-4139-9ffe-ad5660fe9404,https://ec.europa.eu/transparency-initiative/meetings/data/meetings/5e7a9e6b-1985-4aae-b90f-04571bec2c31/minutes
Download,pdfs/Download__77be51b2d6.pdf,extracted/Download__77be51b2d6.txt,https://ec.europa.eu/transparency-initiative/meetings/meeting.do?host=aae7124c-b839-4139-9ffe-ad5660fe9404,https://ec.europa.eu/transparency-initiative/meetings/data/meetings/4b624a92-fb24-4d2b-bce3-ff5dbff696e2/minutes
Download,pdfs/Download__f1bb338a3b.pdf,extracted/Download__f1bb338a3b.txt,https://ec.europa.eu/transparency-initiative/meetings/meeting.do?host=aae7124c-b839-4139-9ffe-ad5660fe9404,https://ec.europa.eu/transparency-initiative/meetings/data/meetings/87657f9b-1855-4133-8862-031579d77943/minutes
Download,pdfs/Download__2fc61a78b3.pdf,extracted/Download__2fc61a78b3.txt,https://ec.europa.eu/transparency-initiative/meetings/meeting.do?host=aae7124c-b839-4139-9ffe-ad5660fe9404,https://ec.europa.eu/transparency-initiative/meetings/data/meetings/63c38bd9-ec44-4412-94e9-399c18fffefc/minutes
Download,pdfs/Download__1c179c4ebd.pdf,extracted/Download__1c179c4ebd.txt,https://ec.europa.eu/transparency-initiative/meetings/meeting.do?host=aae7124c-b839-4139-9ffe-ad5660fe9404,https://ec.europa.eu/transparency-initiative/meetings/data/meetings/8c8cb3d6-0aed-49ae-b636-a39dbcc4ec41/minutes
Download,pdfs/Download__abc46da2e1.pdf,extracted/Download__abc46da2e1.txt,https://ec.europa.eu/transparency-initiative/meetings/meeting.do?host=aae7124c-b839-4139-9ffe-ad5660fe9404,https://ec.europa.eu/transparency-initiative/meetings/data/meetings/b2d250da-9334-49f4-b327-977a21ef1727/minutes
Download,pdfs/Download__0f45671099.pdf,extracted/Download__0f45671099.txt,https://ec.europa.eu/transparency-initiative/meetings/meeting.do?host=aae7124c-b839-4139-9ffe-ad5660fe9404,https://ec.europa.eu/transparency-initiative/meetings/data/meetings/46317f99-502f-4e6a-b231-3c1a08e355fa/minutes
Download,pdfs/Download__3d6e7b549d.pdf,extracted/Download__3d6e7b549d.txt,https://ec.europa.eu/transparency-initiative/meetings/meeting.do?host=aae7124c-b839-4139-9ffe-ad5660fe9404,https://ec.europa.eu/transparency-initiative/meetings/data/meetings/180bc73d-9220-4642-8e8e-0edbdc7b3f7c/minutes
Digital+Realty+2Q26+Earnings+Press+Release+7.23.2026+FINAL.pdf,pdfs/Digital_Realty_2Q26_Earnings_Press_Release_7.23.2026_FINAL__f63321f2bc.pdf,extracted/Digital_Realty_2Q26_Earnings_Press_Release_7.23.2026_FINAL__f63321f2bc.txt,https://investor.digitalrealty.com/financials/quarterly-results,https://investor.digitalrealty.com/static-files/d8e6c0b2-cd4e-46f6-aee8-91c4dcf2d48e
Digital Realty 2Q26 Earnings Presentation 07.23.2026.pdf,pdfs/Digital_Realty_2Q26_Earnings_Presentation_07.23.2026__12a062e1f0.pdf,extracted/Digital_Realty_2Q26_Earnings_Presentation_07.23.2026__12a062e1f0.txt,https://investor.digitalrealty.com/financials/quarterly-results,https://investor.digitalrealty.com/static-files/817ac900-41b0-40a9-a548-af093f37dc57
Digital Realty 2Q26 Earnings Supplemental 07.23.2026 FINAL.pdf,pdfs/Digital_Realty_2Q26_Earnings_Supplemental_07.23.2026_FINAL__af2c816140.pdf,extracted/Digital_Realty_2Q26_Earnings_Supplemental_07.23.2026_FINAL__af2c816140.txt,https://investor.digitalrealty.com/financials/quarterly-results,https://investor.digitalrealty.com/static-files/678a7e32-514a-41c8-aebc-9492d513bf61
Digital Realty 1Q26 Earnings Press Release 4.23.2026.pdf,pdfs/Digital_Realty_1Q26_Earnings_Press_Release_4.23.2026__7fef814a04.pdf,extracted/Digital_Realty_1Q26_Earnings_Press_Release_4.23.2026__7fef814a04.txt,https://investor.digitalrealty.com/financials/quarterly-results,https://investor.digitalrealty.com/static-files/186019d2-aa98-4bf5-a1c6-15bb5af879ed
Digital Realty 1Q26 Earnings Presentation FINAL.pdf,pdfs/Digital_Realty_1Q26_Earnings_Presentation_FINAL__a13ee87bd3.pdf,extracted/Digital_Realty_1Q26_Earnings_Presentation_FINAL__a13ee87bd3.txt,https://investor.digitalrealty.com/financials/quarterly-results,https://investor.digitalrealty.com/static-files/6de94c2d-af96-43ca-ab81-45ab3dc11eb6
DLR 1Q26 Earnings Supplemental 5.1.2026.pdf,pdfs/DLR_1Q26_Earnings_Supplemental_5.1.2026__6ec4db1956.pdf,extracted/DLR_1Q26_Earnings_Supplemental_5.1.2026__6ec4db1956.txt,https://investor.digitalrealty.com/financials/quarterly-results,https://investor.digitalrealty.com/static-files/953419cb-91ee-4485-8017-26ee0b29bb2a
Digital Realty 4Q25 Earnings Press Release 2.5.2026.pdf,pdfs/Digital_Realty_4Q25_Earnings_Press_Release_2.5.2026__89876feca3.pdf,extracted/Digital_Realty_4Q25_Earnings_Press_Release_2.5.2026__89876feca3.txt,https://investor.digitalrealty.com/financials/quarterly-results,https://investor.digitalrealty.com/static-files/241d2e64-633e-44fc-9297-013076675afb
Digital Realty 4Q25 Earnings Presentation FINAL.pdf,pdfs/Digital_Realty_4Q25_Earnings_Presentation_FINAL__c3c48d0c34.pdf,extracted/Digital_Realty_4Q25_Earnings_Presentation_FINAL__c3c48d0c34.txt,https://investor.digitalrealty.com/financials/quarterly-results,https://investor.digitalrealty.com/static-files/77b10dac-057e-4c44-83e4-bd352ee5143a
Digital Realty 4Q25 Earnings Supplemental Final 2.5.2026.pdf,pdfs/Digital_Realty_4Q25_Earnings_Supplemental_Final_2.5.2026__b40c3bb643.pdf,extracted/Digital_Realty_4Q25_Earnings_Supplemental_Final_2.5.2026__b40c3bb643.txt,https://investor.digitalrealty.com/financials/quarterly-results,https://investor.digitalrealty.com/static-files/4bac803d-f2a7-400a-b4db-1e8804a60414
Digital-Realty-3Q25-Earnings-Press-Release-Final-10-23-2025.pdf,pdfs/Digital-Realty-3Q25-Earnings-Press-Release-Final-10-23-2025__de56ed8c97.pdf,extracted/Digital-Realty-3Q25-Earnings-Press-Release-Final-10-23-2025__de56ed8c97.txt,https://investor.digitalrealty.com/financials/quarterly-results,https://investor.digitalrealty.com/static-files/0a51c3a7-edbf-450e-b84c-276dce245d16
Digital-Realty-3Q25-Earnings-Presentation-FINAL-10-23-2025.pdf,pdfs/Digital-Realty-3Q25-Earnings-Presentation-FINAL-10-23-2025__95f5d210e2.pdf,extracted/Digital-Realty-3Q25-Earnings-Presentation-FINAL-10-23-2025__95f5d210e2.txt,https://investor.digitalrealty.com/financials/quarterly-results,https://investor.digitalrealty.com/static-files/6e2e9f7e-5599-4d0f-98cf-c655cb8544ba
Digital-Realty-3Q25-Earnings-Supplemental-10-23-2025.pdf,pdfs/Digital-Realty-3Q25-Earnings-Supplemental-10-23-2025__839a7a7d2f.pdf,extracted/Digital-Realty-3Q25-Earnings-Supplemental-10-23-2025__839a7a7d2f.txt,https://investor.digitalrealty.com/financials/quarterly-results,https://investor.digitalrealty.com/static-files/967a15cb-897d-45fc-b74e-c79782070f7b
Digital-Realty-2Q25-Earnings-Press-Release-07-24-2025-FINAL.pdf,pdfs/Digital-Realty-2Q25-Earnings-Press-Release-07-24-2025-FINAL__2b128e197c.pdf,extracted/Digital-Realty-2Q25-Earnings-Press-Release-07-24-2025-FINAL__2b128e197c.txt,https://investor.digitalrealty.com/financials/quarterly-results,https://investor.digitalrealty.com/static-files/bbfd1e7a-e55c-443b-b718-7e744503da09
Digital-Realty-2Q25-Earnings-Presentation-07-24-2025-FINAL.pdf,pdfs/Digital-Realty-2Q25-Earnings-Presentation-07-24-2025-FINAL__171b982b5f.pdf,extracted/Digital-Realty-2Q25-Earnings-Presentation-07-24-2025-FINAL__171b982b5f.txt,https://investor.digitalrealty.com/financials/quarterly-results,https://investor.digitalrealty.com/static-files/fae3263a-6189-4520-a7d0-822c5145b21b
Digital-Realty-2Q25-Earnings-Supplemental-07-24-2025.pdf,pdfs/Digital-Realty-2Q25-Earnings-Supplemental-07-24-2025__e99c426df7.pdf,extracted/Digital-Realty-2Q25-Earnings-Supplemental-07-24-2025__e99c426df7.txt,https://investor.digitalrealty.com/financials/quarterly-results,https://investor.digitalrealty.com/static-files/7689bc64-e5cc-45ae-aa51-f5f9eac71cf0
Digital-Realty-1Q25-Earnings-Press-Release-4-24-2025-FINAL.pdf,pdfs/Digital-Realty-1Q25-Earnings-Press-Release-4-24-2025-FINAL__73f071b06f.pdf,extracted/Digital-Realty-1Q25-Earnings-Press-Release-4-24-2025-FINAL__73f071b06f.txt,https://investor.digitalrealty.com/financials/quarterly-results,https://investor.digitalrealty.com/static-files/c2fd5e61-71ca-4a23-b166-ea6dc7892114
Digital-Realty-1Q25-Earnings-Presentation-FINAL-04-24-2025.pdf,pdfs/Digital-Realty-1Q25-Earnings-Presentation-FINAL-04-24-2025__827f53359e.pdf,extracted/Digital-Realty-1Q25-Earnings-Presentation-FINAL-04-24-2025__827f53359e.txt,https://investor.digitalrealty.com/financials/quarterly-results,https://investor.digitalrealty.com/static-files/e96f32c1-7a19-4dc5-a88a-5936f014615f
Digital-Realty-1Q25-Supplemental-FINAL-04-24-2025.pdf,pdfs/Digital-Realty-1Q25-Supplemental-FINAL-04-24-2025__65ef7dca2b.pdf,extracted/Digital-Realty-1Q25-Supplemental-FINAL-04-24-2025__65ef7dca2b.txt,https://investor.digitalrealty.com/financials/quarterly-results,https://investor.digitalrealty.com/static-files/12f35c99-d57c-481b-95cb-4efcde87a575
Digital-Realty-4Q24-Earnings-Press-Release-2-13-25.pdf,pdfs/Digital-Realty-4Q24-Earnings-Press-Release-2-13-25__56a8cb1706.pdf,extracted/Digital-Realty-4Q24-Earnings-Press-Release-2-13-25__56a8cb1706.txt,https://investor.digitalrealty.com/financials/quarterly-results,https://investor.digitalrealty.com/static-files/d8065f11-623e-4be8-9417-142ae277253a
Digital-Realty-4Q24-Earnings-Presentation-FINAL-2-13-2025.pdf,pdfs/Digital-Realty-4Q24-Earnings-Presentation-FINAL-2-13-2025__645c95dc90.pdf,extracted/Digital-Realty-4Q24-Earnings-Presentation-FINAL-2-13-2025__645c95dc90.txt,https://investor.digitalrealty.com/financials/quarterly-results,https://investor.digitalrealty.com/static-files/b2b05ef4-9dc6-4abe-81d7-f3bc827cd2ff
Digital-Realty-4Q24-Earnings-Supplemental-FINAL.pdf,pdfs/Digital-Realty-4Q24-Earnings-Supplemental-FINAL__1c56f32ce4.pdf,extracted/Digital-Realty-4Q24-Earnings-Supplemental-FINAL__1c56f32ce4.txt,https://investor.digitalrealty.com/financials/quarterly-results,https://investor.digitalrealty.com/static-files/60c38168-8a42-4468-b75d-585c1244b0e2
Digital-Realty-3Q24-Earnings-Press-Release-FINAL-10-24-24.pdf,pdfs/Digital-Realty-3Q24-Earnings-Press-Release-FINAL-10-24-24__a7384d50d4.pdf,extracted/Digital-Realty-3Q24-Earnings-Press-Release-FINAL-10-24-24__a7384d50d4.txt,https://investor.digitalrealty.com/financials/quarterly-results,https://investor.digitalrealty.com/static-files/97583064-4ce7-4d36-9760-d04f7b9d8ea7
Digital-Realty-3Q24-Earnings-Presentation-FINAL-10-24-2024.pdf,pdfs/Digital-Realty-3Q24-Earnings-Presentation-FINAL-10-24-2024__f90b6a62a7.pdf,extracted/Digital-Realty-3Q24-Earnings-Presentation-FINAL-10-24-2024__f90b6a62a7.txt,https://investor.digitalrealty.com/financials/quarterly-results,https://investor.digitalrealty.com/static-files/1b098d71-d324-4b6a-94fa-ca119e4db37a
Digital-Realty-3Q24-Earnings-Supplemental-10-24-2024-FINAL.pdf,pdfs/Digital-Realty-3Q24-Earnings-Supplemental-10-24-2024-FINAL__eb2e02888c.pdf,extracted/Digital-Realty-3Q24-Earnings-Supplemental-10-24-2024-FINAL__eb2e02888c.txt,https://investor.digitalrealty.com/financials/quarterly-results,https://investor.digitalrealty.com/static-files/71a0b063-475e-457f-9191-1efedae35543
Digital-Realty-2Q24-Earnings-Press-Release-07-25-2024-FINAL.pdf,pdfs/Digital-Realty-2Q24-Earnings-Press-Release-07-25-2024-FINAL__bb4deed930.pdf,extracted/Digital-Realty-2Q24-Earnings-Press-Release-07-25-2024-FINAL__bb4deed930.txt,https://investor.digitalrealty.com/financials/quarterly-results,https://investor.digitalrealty.com/static-files/c755122d-5d88-4a1f-8a84-0f8f60d9b2e9
2Q24-Digital-Realty-Earnings-Presentation-07-25-24-FINAL.pdf,pdfs/2Q24-Digital-Realty-Earnings-Presentation-07-25-24-FINAL__2c23b054c3.pdf,extracted/2Q24-Digital-Realty-Earnings-Presentation-07-25-24-FINAL__2c23b054c3.txt,https://investor.digitalrealty.com/financials/quarterly-results,https://investor.digitalrealty.com/static-files/3ab1481f-7c54-4272-b307-b684641dbc7c
Digital-Realty-2Q24-Earnings-Supplemental-07-25-24-2.pdf,pdfs/Digital-Realty-2Q24-Earnings-Supplemental-07-25-24-2__a832b10ec5.pdf,extracted/Digital-Realty-2Q24-Earnings-Supplemental-07-25-24-2__a832b10ec5.txt,https://investor.digitalrealty.com/financials/quarterly-results,https://investor.digitalrealty.com/static-files/46185935-ed25-4222-b7bf-b4742100e944
Digital-Realty-1Q24-Earnings-Press-Release-FINAL-5-2-24.pdf,pdfs/Digital-Realty-1Q24-Earnings-Press-Release-FINAL-5-2-24__78d9e575c6.pdf,extracted/Digital-Realty-1Q24-Earnings-Press-Release-FINAL-5-2-24__78d9e575c6.txt,https://investor.digitalrealty.com/financials/quarterly-results,https://investor.digitalrealty.com/static-files/68b12265-146b-4df4-8c4f-52d2ff9076c4
Digital-Realty-1Q24-Earnings-Presentation-FINAL-5-2-24.pdf,pdfs/Digital-Realty-1Q24-Earnings-Presentation-FINAL-5-2-24__8fbecfa4d0.pdf,extracted/Digital-Realty-1Q24-Earnings-Presentation-FINAL-5-2-24__8fbecfa4d0.txt,https://investor.digitalrealty.com/financials/quarterly-results,https://investor.digitalrealty.com/static-files/cfc1bc59-e01e-4b8a-8cc9-522f44144881
Digital-Realty-Q1-24-Supplemental-Draft-FINAL.pdf,pdfs/Digital-Realty-Q1-24-Supplemental-Draft-FINAL__c31093f143.pdf,extracted/Digital-Realty-Q1-24-Supplemental-Draft-FINAL__c31093f143.txt,https://investor.digitalrealty.com/financials/quarterly-results,https://investor.digitalrealty.com/static-files/5f57ca66-a6fd-415d-96c4-dbfe22b4883c
Digital-Realty-4Q23-Earnings-Press-Release-FINAL-2-15-24.pdf,pdfs/Digital-Realty-4Q23-Earnings-Press-Release-FINAL-2-15-24__f44bc6d11c.pdf,extracted/Digital-Realty-4Q23-Earnings-Press-Release-FINAL-2-15-24__f44bc6d11c.txt,https://investor.digitalrealty.com/financials/quarterly-results,https://investor.digitalrealty.com/static-files/9138ca4c-cdae-4525-bd67-2a2e84a7d640
Digital-Realty-4Q23-Earnings-Presentation-FINAL.pdf,pdfs/Digital-Realty-4Q23-Earnings-Presentation-FINAL__c75b016139.pdf,extracted/Digital-Realty-4Q23-Earnings-Presentation-FINAL__c75b016139.txt,https://investor.digitalrealty.com/financials/quarterly-results,https://investor.digitalrealty.com/static-files/61afb81c-7fe9-4d2b-b94e-70723d0855b2
Digital-Realty-4Q23-Earnings-Supplemental-FINAL-2-15-24.pdf,pdfs/Digital-Realty-4Q23-Earnings-Supplemental-FINAL-2-15-24__4a09f08d18.pdf,extracted/Digital-Realty-4Q23-Earnings-Supplemental-FINAL-2-15-24__4a09f08d18.txt,https://investor.digitalrealty.com/financials/quarterly-results,https://investor.digitalrealty.com/static-files/dceae36c-2695-4b9a-a9ec-15929b5094d8
Digital-Realty-3Q23-Earnings-Press-Release.pdf,pdfs/Digital-Realty-3Q23-Earnings-Press-Release__437edf83a2.pdf,extracted/Digital-Realty-3Q23-Earnings-Press-Release__437edf83a2.txt,https://investor.digitalrealty.com/financials/quarterly-results,https://investor.digitalrealty.com/static-files/4e16f208-8e3d-42f0-86a2-860c85b57acf
Digital-Realty-3Q23-Earnings-Presentation.pdf,pdfs/Digital-Realty-3Q23-Earnings-Presentation__0c14aa976b.pdf,extracted/Digital-Realty-3Q23-Earnings-Presentation__0c14aa976b.txt,https://investor.digitalrealty.com/financials/quarterly-results,https://investor.digitalrealty.com/static-files/6d222396-a0b2-4049-b9b8-c85dc7271bc2
digital-realty-3q23-earnings-supplemental-new.pdf,pdfs/digital-realty-3q23-earnings-supplemental-new__ee436308fb.pdf,extracted/digital-realty-3q23-earnings-supplemental-new__ee436308fb.txt,https://investor.digitalrealty.com/financials/quarterly-results,https://investor.digitalrealty.com/static-files/d2cba1cd-062a-4b86-889f-80b082623553
Digital-Realty-2Q23-Earnings-Press-Release-FINAL.pdf,pdfs/Digital-Realty-2Q23-Earnings-Press-Release-FINAL__70717732b9.pdf,extracted/Digital-Realty-2Q23-Earnings-Press-Release-FINAL__70717732b9.txt,https://investor.digitalrealty.com/financials/quarterly-results,https://investor.digitalrealty.com/static-files/d85ab334-bc85-49a5-86c9-ab7e551f4e68
Digital-Realty-2Q23-Earnings-Presentation-Final.pdf,pdfs/Digital-Realty-2Q23-Earnings-Presentation-Final__b1adfd5a33.pdf,extracted/Digital-Realty-2Q23-Earnings-Presentation-Final__b1adfd5a33.txt,https://investor.digitalrealty.com/financials/quarterly-results,https://investor.digitalrealty.com/static-files/d69fa27d-e9b9-4c27-8ff2-3f2b57deeed8
Digital-Realty-2Q23-Earnings-Supplemental.pdf,pdfs/Digital-Realty-2Q23-Earnings-Supplemental__3b42d805c5.pdf,extracted/Digital-Realty-2Q23-Earnings-Supplemental__3b42d805c5.txt,https://investor.digitalrealty.com/financials/quarterly-results,https://investor.digitalrealty.com/static-files/82ddcb19-b0af-471b-a9b6-e393c1f7df47
Digital-Realty-s-1Q23-Earnings-Press-Release.pdf,pdfs/Digital-Realty-s-1Q23-Earnings-Press-Release__cba5ef8340.pdf,extracted/Digital-Realty-s-1Q23-Earnings-Press-Release__cba5ef8340.txt,https://investor.digitalrealty.com/financials/quarterly-results,https://investor.digitalrealty.com/static-files/1b6b08b7-a2f5-4f29-af3f-8a340b56aa9c
1Q23-Earnings-Presentation-FINAL-4-27-23.pdf,pdfs/1Q23-Earnings-Presentation-FINAL-4-27-23__95810bb9aa.pdf,extracted/1Q23-Earnings-Presentation-FINAL-4-27-23__95810bb9aa.txt,https://investor.digitalrealty.com/financials/quarterly-results,https://investor.digitalrealty.com/static-files/220b5e8e-00c5-4cae-9440-adf5e37d4c5d
Digital-Realty-s-1Q23-Earnings-Supplemental.pdf,pdfs/Digital-Realty-s-1Q23-Earnings-Supplemental__5f77f11b00.pdf,extracted/Digital-Realty-s-1Q23-Earnings-Supplemental__5f77f11b00.txt,https://investor.digitalrealty.com/financials/quarterly-results,https://investor.digitalrealty.com/static-files/2338aead-aee8-4fea-8d25-215a17104865
Digital-Realty's-4Q22-Earnings-Press-Release.pdf,pdfs/Digital-Realty_s-4Q22-Earnings-Press-Release__717c0ab77b.pdf,extracted/Digital-Realty_s-4Q22-Earnings-Press-Release__717c0ab77b.txt,https://investor.digitalrealty.com/financials/quarterly-results,https://investor.digitalrealty.com/static-files/2e78b984-3491-4a9e-982a-03a6dbaa7f7e
Digital-Realty-4Q22-Earnings-Presentation.pdf,pdfs/Digital-Realty-4Q22-Earnings-Presentation__14e1000575.pdf,extracted/Digital-Realty-4Q22-Earnings-Presentation__14e1000575.txt,https://investor.digitalrealty.com/financials/quarterly-results,https://investor.digitalrealty.com/static-files/96e3616b-fbba-4075-85d3-f80f03b7cd95
Digital-Realty-4Q22-Earnings-Supplemental.pdf,pdfs/Digital-Realty-4Q22-Earnings-Supplemental__77df35b021.pdf,extracted/Digital-Realty-4Q22-Earnings-Supplemental__77df35b021.txt,https://investor.digitalrealty.com/financials/quarterly-results,https://investor.digitalrealty.com/static-files/6a76622a-5651-4485-b139-ba47cff63a77
Digital-Realty-3Q22-Earnings-Press-Release_10.26.22.pdf,pdfs/Digital-Realty-3Q22-Earnings-Press-Release_10.26.22__1dbc1e0d42.pdf,extracted/Digital-Realty-3Q22-Earnings-Press-Release_10.26.22__1dbc1e0d42.txt,https://investor.digitalrealty.com/financials/quarterly-results,https://investor.digitalrealty.com/static-files/8cc67663-c937-4634-8d06-e9ad914cf7df
Digital-Realty-3Q22-Earnings-Presentation-(1).pdf,pdfs/Digital-Realty-3Q22-Earnings-Presentation-_1__8cca79af77.pdf,extracted/Digital-Realty-3Q22-Earnings-Presentation-_1__8cca79af77.txt,https://investor.digitalrealty.com/financials/quarterly-results,https://investor.digitalrealty.com/static-files/19500d23-8cdd-4c12-8e8d-27a5bd95a295
Digital-Realty-3Q22-Earnings-Supplemental-10.26.22.pdf,pdfs/Digital-Realty-3Q22-Earnings-Supplemental-10.26.22__c792b4885c.pdf,extracted/Digital-Realty-3Q22-Earnings-Supplemental-10.26.22__c792b4885c.txt,https://investor.digitalrealty.com/financials/quarterly-results,https://investor.digitalrealty.com/static-files/444b7118-b2ba-4a70-a646-ec77b19162e5
Digital-Realty-2Q22-Earnings-Press-Release-Final.pdf,pdfs/Digital-Realty-2Q22-Earnings-Press-Release-Final__ebf9b01987.pdf,extracted/Digital-Realty-2Q22-Earnings-Press-Release-Final__ebf9b01987.txt,https://investor.digitalrealty.com/financials/quarterly-results,https://investor.digitalrealty.com/static-files/2d9ec2ab-a52f-4afd-88ff-4de90b1a683d
Digital-Realty-2Q22-Earnings-Presentation.pdf,pdfs/Digital-Realty-2Q22-Earnings-Presentation__0becd5dc27.pdf,extracted/Digital-Realty-2Q22-Earnings-Presentation__0becd5dc27.txt,https://investor.digitalrealty.com/financials/quarterly-results,https://investor.digitalrealty.com/static-files/9d0c68c8-53ff-41d4-9efe-9f6d6dceac7f
Q2'22-Supplemental-FINAL.pdf,pdfs/Q2_22-Supplemental-FINAL__35b60bab76.pdf,extracted/Q2_22-Supplemental-FINAL__35b60bab76.txt,https://investor.digitalrealty.com/financials/quarterly-results,https://investor.digitalrealty.com/static-files/6a586924-4a2d-409b-b0b0-fd8578eacdc7
Digital-Realty-1Q22-Earnings-Release-FINAL.pdf,pdfs/Digital-Realty-1Q22-Earnings-Release-FINAL__bbb68c5f81.pdf,extracted/Digital-Realty-1Q22-Earnings-Release-FINAL__bbb68c5f81.txt,https://investor.digitalrealty.com/financials/quarterly-results,https://investor.digitalrealty.com/static-files/e4a3e31b-f33d-4b37-832e-5238e6e267c4
1Q22-Earnings-Presentation-FINAL_4.28.22.pdf,pdfs/1Q22-Earnings-Presentation-FINAL_4.28.22__dc458af97b.pdf,extracted/1Q22-Earnings-Presentation-FINAL_4.28.22__dc458af97b.txt,https://investor.digitalrealty.com/financials/quarterly-results,https://investor.digitalrealty.com/static-files/01abd5cf-a609-48f1-ab84-99ef97d94358
Q1'22-Supplemental-FINAL.pdf,pdfs/Q1_22-Supplemental-FINAL__b0daeae41b.pdf,extracted/Q1_22-Supplemental-FINAL__b0daeae41b.txt,https://investor.digitalrealty.com/financials/quarterly-results,https://investor.digitalrealty.com/static-files/5eee2e9c-5817-4ff5-9e4a-2c9116d4c9f4
4Q21-Earnings-Presentation.pdf,pdfs/4Q21-Earnings-Presentation__d3ed3b6d4c.pdf,extracted/4Q21-Earnings-Presentation__d3ed3b6d4c.txt,https://investor.digitalrealty.com/financials/quarterly-results,https://investor.digitalrealty.com/static-files/4ff3cb4f-f460-4fef-b365-2071d98d02f6
Q4'21-Supplemental-FINAL.pdf,pdfs/Q4_21-Supplemental-FINAL__3631fa00f7.pdf,extracted/Q4_21-Supplemental-FINAL__3631fa00f7.txt,https://investor.digitalrealty.com/financials/quarterly-results,https://investor.digitalrealty.com/static-files/cfd96a09-c8e6-4ae4-a579-783aaec41ee5
Digital-Realty-3Q21-Earnings-Press-Release.pdf,pdfs/Digital-Realty-3Q21-Earnings-Press-Release__3fa6a4562c.pdf,extracted/Digital-Realty-3Q21-Earnings-Press-Release__3fa6a4562c.txt,https://investor.digitalrealty.com/financials/quarterly-results,https://investor.digitalrealty.com/static-files/1afec0be-49bd-4773-9664-a5f9cc2a2689
Digital-Realty-3Q21-Earnings-Presentation.pdf,pdfs/Digital-Realty-3Q21-Earnings-Presentation__7aaf85af0b.pdf,extracted/Digital-Realty-3Q21-Earnings-Presentation__7aaf85af0b.txt,https://investor.digitalrealty.com/financials/quarterly-results,https://investor.digitalrealty.com/static-files/a0651a9c-1782-4815-b9a0-36245cd3e6fc
Digital-Realty-3Q21-Supplemental.pdf,pdfs/Digital-Realty-3Q21-Supplemental__86d03db5c7.pdf,extracted/Digital-Realty-3Q21-Supplemental__86d03db5c7.txt,https://investor.digitalrealty.com/financials/quarterly-results,https://investor.digitalrealty.com/static-files/bf45af7f-2c31-49f5-9ffc-a69d88f1965a
Digital-Realty-2Q21-Earnings-Release-FINAL.pdf,pdfs/Digital-Realty-2Q21-Earnings-Release-FINAL__8e090cada3.pdf,extracted/Digital-Realty-2Q21-Earnings-Release-FINAL__8e090cada3.txt,https://investor.digitalrealty.com/financials/quarterly-results,https://investor.digitalrealty.com/static-files/2a4ae4d7-6375-4834-9cab-0da612a43f27
Digital-Realty-2Q21-Earnings-Presentation.pdf,pdfs/Digital-Realty-2Q21-Earnings-Presentation__76416d9c66.pdf,extracted/Digital-Realty-2Q21-Earnings-Presentation__76416d9c66.txt,https://investor.digitalrealty.com/financials/quarterly-results,https://investor.digitalrealty.com/static-files/d4486758-150b-429d-884e-2e3f5a1ffd13
Digital-Realty-2Q21-Supplemental_vF.pdf,pdfs/Digital-Realty-2Q21-Supplemental_vF__bbf7f5f306.pdf,extracted/Digital-Realty-2Q21-Supplemental_vF__bbf7f5f306.txt,https://investor.digitalrealty.com/financials/quarterly-results,https://investor.digitalrealty.com/static-files/27508d8f-a5be-4574-9a99-12477516be18
Digital-Realty-Reports-First-Quarter-2021-Results-2021.pdf,pdfs/Digital-Realty-Reports-First-Quarter-2021-Results-2021__131ada7844.pdf,extracted/Digital-Realty-Reports-First-Quarter-2021-Results-2021__131ada7844.txt,https://investor.digitalrealty.com/financials/quarterly-results,https://investor.digitalrealty.com/static-files/721cb1c5-5fc2-4c90-94fa-135cff2a366a
Digital-Realty-1Q21-Earnings-Presentation.pdf,pdfs/Digital-Realty-1Q21-Earnings-Presentation__fea687365a.pdf,extracted/Digital-Realty-1Q21-Earnings-Presentation__fea687365a.txt,https://investor.digitalrealty.com/financials/quarterly-results,https://investor.digitalrealty.com/static-files/a6cff126-7bbd-4ed8-b5fc-910b486ee212
Digital-Realty-1Q21-Supplemental.pdf,pdfs/Digital-Realty-1Q21-Supplemental__e5fda8bb7b.pdf,extracted/Digital-Realty-1Q21-Supplemental__e5fda8bb7b.txt,https://investor.digitalrealty.com/financials/quarterly-results,https://investor.digitalrealty.com/static-files/fd69a4ef-5ff5-46df-a98f-1e2c0f11c23e
Digital-Realty-Reports-Fourth-Quarter-2020-Results-2021.pdf,pdfs/Digital-Realty-Reports-Fourth-Quarter-2020-Results-2021__e668fa374b.pdf,extracted/Digital-Realty-Reports-Fourth-Quarter-2020-Results-2021__e668fa374b.txt,https://investor.digitalrealty.com/financials/quarterly-results,https://investor.digitalrealty.com/static-files/baf95077-cd06-4aa4-aa2c-aea424b9f266
4Q20-Earnings-Presentation-FINAL-v2.pdf,pdfs/4Q20-Earnings-Presentation-FINAL-v2__19873873fb.pdf,extracted/4Q20-Earnings-Presentation-FINAL-v2__19873873fb.txt,https://investor.digitalrealty.com/financials/quarterly-results,https://investor.digitalrealty.com/static-files/efad4529-5092-46e3-87f7-c41940fdf367
Q4'20_Supplemental_FINAL.pdf,pdfs/Q4_20_Supplemental_FINAL__d2d4a25621.pdf,extracted/Q4_20_Supplemental_FINAL__d2d4a25621.txt,https://investor.digitalrealty.com/financials/quarterly-results,https://investor.digitalrealty.com/static-files/d05f4680-9b27-404c-9b4a-e056b83c5f45
Digital-Realty-Reports-Third-Quarter-2020-Results-2020.pdf,pdfs/Digital-Realty-Reports-Third-Quarter-2020-Results-2020__3d590a0e99.pdf,extracted/Digital-Realty-Reports-Third-Quarter-2020-Results-2020__3d590a0e99.txt,https://investor.digitalrealty.com/financials/quarterly-results,https://investor.digitalrealty.com/static-files/93affbb5-2cb3-4f78-b5c1-0c5846dc4576
Digital-Realty-3Q20-Earnings-Presentation-2.pdf,pdfs/Digital-Realty-3Q20-Earnings-Presentation-2__c19e0a9423.pdf,extracted/Digital-Realty-3Q20-Earnings-Presentation-2__c19e0a9423.txt,https://investor.digitalrealty.com/financials/quarterly-results,https://investor.digitalrealty.com/static-files/0a5479b1-2f29-43c1-8aa1-c1ddc2991427
Digital-Realty-3Q20-Supplemental.pdf,pdfs/Digital-Realty-3Q20-Supplemental__2f3cac83bf.pdf,extracted/Digital-Realty-3Q20-Supplemental__2f3cac83bf.txt,https://investor.digitalrealty.com/financials/quarterly-results,https://investor.digitalrealty.com/static-files/7dc22b33-f4a2-414c-b8e6-fa3cc6afff9a
Digital-Realty-2Q20-Earnings-Presentation-(1).pdf,pdfs/Digital-Realty-2Q20-Earnings-Presentation-_1__3f0a391d9d.pdf,extracted/Digital-Realty-2Q20-Earnings-Presentation-_1__3f0a391d9d.txt,https://investor.digitalrealty.com/financials/quarterly-results,https://investor.digitalrealty.com/static-files/3e9a08cf-5ce4-40e5-84d9-9d61c2a558ca
Digital-Realty-2Q20-Supplemental.pdf,pdfs/Digital-Realty-2Q20-Supplemental__7dd8f27f01.pdf,extracted/Digital-Realty-2Q20-Supplemental__7dd8f27f01.txt,https://investor.digitalrealty.com/financials/quarterly-results,https://investor.digitalrealty.com/static-files/56d35932-cec9-4590-b11f-84250e2449bb
Digital-Realty-Reports-First-Quarter-2020-Results-2020.pdf,pdfs/Digital-Realty-Reports-First-Quarter-2020-Results-2020__652ed9eddc.pdf,extracted/Digital-Realty-Reports-First-Quarter-2020-Results-2020__652ed9eddc.txt,https://investor.digitalrealty.com/financials/quarterly-results,https://investor.digitalrealty.com/static-files/a6ca2d91-0edc-4290-8a4d-230f3a189633
1Q20-Earnings-Presentation-FINAL.pdf,pdfs/1Q20-Earnings-Presentation-FINAL__1829d4288f.pdf,extracted/1Q20-Earnings-Presentation-FINAL__1829d4288f.txt,https://investor.digitalrealty.com/financials/quarterly-results,https://investor.digitalrealty.com/static-files/c89109c3-91ba-4760-b7ff-e5b7a49fdeeb
1Q20-Supplemental-FINAL.pdf,pdfs/1Q20-Supplemental-FINAL__40534f4294.pdf,extracted/1Q20-Supplemental-FINAL__40534f4294.txt,https://investor.digitalrealty.com/financials/quarterly-results,https://investor.digitalrealty.com/static-files/fe1bbd4e-e380-4dd9-9b60-131c08827016
Digital-Realty-Reports-Fourth-Quarter-2019-Results-2020.pdf,pdfs/Digital-Realty-Reports-Fourth-Quarter-2019-Results-2020__8a2399dfe7.pdf,extracted/Digital-Realty-Reports-Fourth-Quarter-2019-Results-2020__8a2399dfe7.txt,https://investor.digitalrealty.com/financials/quarterly-results,https://investor.digitalrealty.com/static-files/bab5b6b9-0dda-4734-bec1-39566dcbe2ea
4Q19-Earnings-Presentation-(February-132020).pdf,pdfs/4Q19-Earnings-Presentation-_February-132020__72f1eb7b10.pdf,extracted/4Q19-Earnings-Presentation-_February-132020__72f1eb7b10.txt,https://investor.digitalrealty.com/financials/quarterly-results,https://investor.digitalrealty.com/static-files/40d30fb6-4bd6-49bf-8a9a-090e8eee8355
4Q19-Financial-Supplemental-FINAL.pdf,pdfs/4Q19-Financial-Supplemental-FINAL__2c173d70f8.pdf,extracted/4Q19-Financial-Supplemental-FINAL__2c173d70f8.txt,https://investor.digitalrealty.com/financials/quarterly-results,https://investor.digitalrealty.com/static-files/4039861d-6c6c-4c7f-a980-4ac3fc3b0b61
Digital-Realty-Reports-Third-Quarter-2019-Results-2019.pdf,pdfs/Digital-Realty-Reports-Third-Quarter-2019-Results-2019__0197fb17c2.pdf,extracted/Digital-Realty-Reports-Third-Quarter-2019-Results-2019__0197fb17c2.txt,https://investor.digitalrealty.com/financials/quarterly-results,https://investor.digitalrealty.com/static-files/8c28520b-0c95-40dd-9dd9-4dd4e0ba479e
3Q19-Earnings-Presentation-Final-(Financial-Results).pdf,pdfs/3Q19-Earnings-Presentation-Final-_Financial-Results__a898c39389.pdf,extracted/3Q19-Earnings-Presentation-Final-_Financial-Results__a898c39389.txt,https://investor.digitalrealty.com/financials/quarterly-results,https://investor.digitalrealty.com/static-files/23aad142-ad39-4b03-a7dc-21c1adb6b996
Q3'19-Supplemental-FINAL.pdf,pdfs/Q3_19-Supplemental-FINAL__e2aeb79016.pdf,extracted/Q3_19-Supplemental-FINAL__e2aeb79016.txt,https://investor.digitalrealty.com/financials/quarterly-results,https://investor.digitalrealty.com/static-files/47e6534a-d657-41c9-a6f9-8d3d9ad7a93f
Digital-Realty-Reports-Second-Quarter-2019-Results-2019.pdf,pdfs/Digital-Realty-Reports-Second-Quarter-2019-Results-2019__4d0b00b152.pdf,extracted/Digital-Realty-Reports-Second-Quarter-2019-Results-2019__4d0b00b152.txt,https://investor.digitalrealty.com/financials/quarterly-results,https://investor.digitalrealty.com/static-files/a1fde25f-0026-487c-9747-3b03e6e3844b
2Q19-Earnings-Presentation.pdf,pdfs/2Q19-Earnings-Presentation__66c4a56503.pdf,extracted/2Q19-Earnings-Presentation__66c4a56503.txt,https://investor.digitalrealty.com/financials/quarterly-results,https://investor.digitalrealty.com/static-files/723b5170-1d22-4020-9d5e-47660d674938
2Q19-Financial-Supplemental.pdf,pdfs/2Q19-Financial-Supplemental__64d45c4a76.pdf,extracted/2Q19-Financial-Supplemental__64d45c4a76.txt,https://investor.digitalrealty.com/financials/quarterly-results,https://investor.digitalrealty.com/static-files/55944b87-59ae-4817-98c0-88ec56a6f9c5
Digital-Realty-Reports-First-Quarter-2019-Results.pdf,pdfs/Digital-Realty-Reports-First-Quarter-2019-Results__7770aec479.pdf,extracted/Digital-Realty-Reports-First-Quarter-2019-Results__7770aec479.txt,https://investor.digitalrealty.com/financials/quarterly-results,https://investor.digitalrealty.com/static-files/e2ca3ff8-653f-4bfc-b548-7bfb25b2a48e
1Q19-Earnings-Presentation-FINAL.pdf,pdfs/1Q19-Earnings-Presentation-FINAL__b71a189498.pdf,extracted/1Q19-Earnings-Presentation-FINAL__b71a189498.txt,https://investor.digitalrealty.com/financials/quarterly-results,https://investor.digitalrealty.com/static-files/2d07b7f5-f176-49a3-b95b-b9a62e2ba1dc
1Q19-Financial-Supplemental-FINAL.pdf,pdfs/1Q19-Financial-Supplemental-FINAL__4ded9505e4.pdf,extracted/1Q19-Financial-Supplemental-FINAL__4ded9505e4.txt,https://investor.digitalrealty.com/financials/quarterly-results,https://investor.digitalrealty.com/static-files/b3c286de-76ce-4caf-878a-46a376cc16f9
4Q18-Earnings-Press-Release-FINAL.pdf,pdfs/4Q18-Earnings-Press-Release-FINAL__7440c31824.pdf,extracted/4Q18-Earnings-Press-Release-FINAL__7440c31824.txt,https://investor.digitalrealty.com/financials/quarterly-results,https://investor.digitalrealty.com/static-files/6e6adaa6-603c-48c5-a89c-b2010dfc23da
4Q18-Earnings-Presentation-FINAL-version.pdf,pdfs/4Q18-Earnings-Presentation-FINAL-version__7f99984856.pdf,extracted/4Q18-Earnings-Presentation-FINAL-version__7f99984856.txt,https://investor.digitalrealty.com/financials/quarterly-results,https://investor.digitalrealty.com/static-files/e26aa437-fa0d-41eb-a1da-85c52b28f9fa
4Q18-Financial-Supplemental-FINAL.pdf,pdfs/4Q18-Financial-Supplemental-FINAL__606de15c71.pdf,extracted/4Q18-Financial-Supplemental-FINAL__606de15c71.txt,https://investor.digitalrealty.com/financials/quarterly-results,https://investor.digitalrealty.com/static-files/5671717f-0b89-492a-9068-c1c125164acc
3Q18-Earnings-Presentation-FINAL.pdf,pdfs/3Q18-Earnings-Presentation-FINAL__6622e9d045.pdf,extracted/3Q18-Earnings-Presentation-FINAL__6622e9d045.txt,https://investor.digitalrealty.com/financials/quarterly-results,https://investor.digitalrealty.com/static-files/6796aa09-1ea1-454b-a351-6e590eec0db9
3Q18-Financial-Supplemental-FINAL.pdf,pdfs/3Q18-Financial-Supplemental-FINAL__e91eef402d.pdf,extracted/3Q18-Financial-Supplemental-FINAL__e91eef402d.txt,https://investor.digitalrealty.com/financials/quarterly-results,https://investor.digitalrealty.com/static-files/a99a94d9-82c3-4d58-8029-d9516daea49d
Digital-Realty-Reports-Second-Quarter-2018-Results.pdf,pdfs/Digital-Realty-Reports-Second-Quarter-2018-Results__0c520187b8.pdf,extracted/Digital-Realty-Reports-Second-Quarter-2018-Results__0c520187b8.txt,https://investor.digitalrealty.com/financials/quarterly-results,https://investor.digitalrealty.com/static-files/29c9f334-c77a-4b75-bca7-fa6c89514b99
Digital-Realty-2Q18-Earnings-Presentation-FINAL.pdf,pdfs/Digital-Realty-2Q18-Earnings-Presentation-FINAL__9c7672d0f2.pdf,extracted/Digital-Realty-2Q18-Earnings-Presentation-FINAL__9c7672d0f2.txt,https://investor.digitalrealty.com/financials/quarterly-results,https://investor.digitalrealty.com/static-files/cbbc8887-235a-474a-b154-cd0fb844e183
2Q18-Financial-Supplemental-FINAL.pdf,pdfs/2Q18-Financial-Supplemental-FINAL__1a2b063857.pdf,extracted/2Q18-Financial-Supplemental-FINAL__1a2b063857.txt,https://investor.digitalrealty.com/financials/quarterly-results,https://investor.digitalrealty.com/static-files/e8a55d7e-d97a-4bba-ba5d-dd145bccb978
Digital-Realty-Reports-First-Quarter-2018-Results.pdf,pdfs/Digital-Realty-Reports-First-Quarter-2018-Results__4a77bddc51.pdf,extracted/Digital-Realty-Reports-First-Quarter-2018-Results__4a77bddc51.txt,https://investor.digitalrealty.com/financials/quarterly-results,https://investor.digitalrealty.com/static-files/dede5fe5-c2f5-4c68-b801-01cd77c63a16
Digital-Realty-1Q18-Earnings-Presentation-FINAL.pdf,pdfs/Digital-Realty-1Q18-Earnings-Presentation-FINAL__9be441e1e1.pdf,extracted/Digital-Realty-1Q18-Earnings-Presentation-FINAL__9be441e1e1.txt,https://investor.digitalrealty.com/financials/quarterly-results,https://investor.digitalrealty.com/static-files/949d9ea7-8156-4792-a012-2bd84b8a7d45
1Q18-Financial-Supplemental-FINAL.pdf,pdfs/1Q18-Financial-Supplemental-FINAL__182d0395b0.pdf,extracted/1Q18-Financial-Supplemental-FINAL__182d0395b0.txt,https://investor.digitalrealty.com/financials/quarterly-results,https://investor.digitalrealty.com/static-files/6b34963a-28ce-40f5-9299-25a30bd1c51d
Digital-Realty-Reports-Fourth-Quarter-And-Full-Year-2017-Results.pdf,pdfs/Digital-Realty-Reports-Fourth-Quarter-And-Full-Year-2017-Results__7d39821193.pdf,extracted/Digital-Realty-Reports-Fourth-Quarter-And-Full-Year-2017-Results__7d39821193.txt,https://investor.digitalrealty.com/financials/quarterly-results,https://investor.digitalrealty.com/static-files/a02dbbc0-51fd-4b7a-b448-eacd6930a630
Digital-Realty-4Q17-Earnings-Presentation-FINAL.pdf,pdfs/Digital-Realty-4Q17-Earnings-Presentation-FINAL__52b8106129.pdf,extracted/Digital-Realty-4Q17-Earnings-Presentation-FINAL__52b8106129.txt,https://investor.digitalrealty.com/financials/quarterly-results,https://investor.digitalrealty.com/static-files/af0c8bdb-34d6-471c-9d14-5a084b371366
4Q17-Financial-Supplemental-FINAL-(1).pdf,pdfs/4Q17-Financial-Supplemental-FINAL-_1__00257bb40b.pdf,extracted/4Q17-Financial-Supplemental-FINAL-_1__00257bb40b.txt,https://investor.digitalrealty.com/financials/quarterly-results,https://investor.digitalrealty.com/static-files/1dca991a-016f-40c7-ad01-359053468448
3Q17-Earnings-Press-Release_FINAL-formatted.pdf,pdfs/3Q17-Earnings-Press-Release_FINAL-formatted__faf0786472.pdf,extracted/3Q17-Earnings-Press-Release_FINAL-formatted__faf0786472.txt,https://investor.digitalrealty.com/financials/quarterly-results,https://investor.digitalrealty.com/static-files/618d8b83-e0dd-4639-bd1f-821d0316176f
Digital-Realty-3Q17-Earnings-Presentation-FINAL.pdf,pdfs/Digital-Realty-3Q17-Earnings-Presentation-FINAL__5e5e67ecf2.pdf,extracted/Digital-Realty-3Q17-Earnings-Presentation-FINAL__5e5e67ecf2.txt,https://investor.digitalrealty.com/financials/quarterly-results,https://investor.digitalrealty.com/static-files/0acefc47-ef6a-41e4-a8cd-73c22dd6491b
3Q17-Financial-Supplemental-FINAL.pdf,pdfs/3Q17-Financial-Supplemental-FINAL__2652cca35d.pdf,extracted/3Q17-Financial-Supplemental-FINAL__2652cca35d.txt,https://investor.digitalrealty.com/financials/quarterly-results,https://investor.digitalrealty.com/static-files/3ebb6f07-8955-45c2-96fa-1c9d14bdb8b7
2Q17-Earnings-Call-Press-Release-FINAL.pdf,pdfs/2Q17-Earnings-Call-Press-Release-FINAL__b773f6feb2.pdf,extracted/2Q17-Earnings-Call-Press-Release-FINAL__b773f6feb2.txt,https://investor.digitalrealty.com/financials/quarterly-results,https://investor.digitalrealty.com/static-files/aa06467e-d224-48d9-bc72-298bc671e243
2Q17-Financial-Supplemental.pdf,pdfs/2Q17-Financial-Supplemental__64e52533c8.pdf,extracted/2Q17-Financial-Supplemental__64e52533c8.txt,https://investor.digitalrealty.com/financials/quarterly-results,https://investor.digitalrealty.com/static-files/24e0bb54-c643-47aa-9be5-2bf27f51f6c5
1Q17-Earnings-PR-FINAL-formatted.pdf,pdfs/1Q17-Earnings-PR-FINAL-formatted__5736dceb2c.pdf,extracted/1Q17-Earnings-PR-FINAL-formatted__5736dceb2c.txt,https://investor.digitalrealty.com/financials/quarterly-results,https://investor.digitalrealty.com/static-files/97cbd27b-1583-484c-9bf2-65b5dafa6392
Digital-Realty-1Q17-Earnings-Presentation.pdf,pdfs/Digital-Realty-1Q17-Earnings-Presentation__42e99fca13.pdf,extracted/Digital-Realty-1Q17-Earnings-Presentation__42e99fca13.txt,https://investor.digitalrealty.com/financials/quarterly-results,https://investor.digitalrealty.com/static-files/1391114a-7624-4595-9c1c-736e8a513ffb
1Q17-Financial-Supplemental-FINAL-(1).pdf,pdfs/1Q17-Financial-Supplemental-FINAL-_1__7d4b00d115.pdf,extracted/1Q17-Financial-Supplemental-FINAL-_1__7d4b00d115.txt,https://investor.digitalrealty.com/financials/quarterly-results,https://investor.digitalrealty.com/static-files/29539a6b-90ff-4759-883b-df8861df089f
4Q16-Earnings-Press-Release-FINAL.pdf,pdfs/4Q16-Earnings-Press-Release-FINAL__63a7a80859.pdf,extracted/4Q16-Earnings-Press-Release-FINAL__63a7a80859.txt,https://investor.digitalrealty.com/financials/quarterly-results,https://investor.digitalrealty.com/static-files/885fd849-ad76-4777-9b2c-b996782f44e5
Digital-Realty-4Q16-Earnings-Presentation-Final.pdf,pdfs/Digital-Realty-4Q16-Earnings-Presentation-Final__e153420353.pdf,extracted/Digital-Realty-4Q16-Earnings-Presentation-Final__e153420353.txt,https://investor.digitalrealty.com/financials/quarterly-results,https://investor.digitalrealty.com/static-files/50222cab-a775-437a-84d0-233c8e3d62f0
4Q16-Financial-Supplemental-FINAL.pdf,pdfs/4Q16-Financial-Supplemental-FINAL__8cdbd3ae1e.pdf,extracted/4Q16-Financial-Supplemental-FINAL__8cdbd3ae1e.txt,https://investor.digitalrealty.com/financials/quarterly-results,https://investor.digitalrealty.com/static-files/ec19276e-2570-4102-8188-485c973f70fe
Digital-Realty-Reports-Third-Quarter-2016-Results.pdf,pdfs/Digital-Realty-Reports-Third-Quarter-2016-Results__557c0734fc.pdf,extracted/Digital-Realty-Reports-Third-Quarter-2016-Results__557c0734fc.txt,https://investor.digitalrealty.com/financials/quarterly-results,https://investor.digitalrealty.com/static-files/b6c4e958-d319-4e70-be60-5a24d24b603a
Digital-Realty-3Q16-Earnings-Presentation-Final.pdf,pdfs/Digital-Realty-3Q16-Earnings-Presentation-Final__6df4263c6f.pdf,extracted/Digital-Realty-3Q16-Earnings-Presentation-Final__6df4263c6f.txt,https://investor.digitalrealty.com/financials/quarterly-results,https://investor.digitalrealty.com/static-files/99def6f4-afe9-4b8d-9299-668c9068c444
3Q16-Financial-Supplemental-FINAL.pdf,pdfs/3Q16-Financial-Supplemental-FINAL__913651e186.pdf,extracted/3Q16-Financial-Supplemental-FINAL__913651e186.txt,https://investor.digitalrealty.com/financials/quarterly-results,https://investor.digitalrealty.com/static-files/20a9bd85-de18-42f1-bf48-53e039ff3141
Digital-Realty-Reports-Second-Quarter-2016-Results.pdf,pdfs/Digital-Realty-Reports-Second-Quarter-2016-Results__b1a0d3a81d.pdf,extracted/Digital-Realty-Reports-Second-Quarter-2016-Results__b1a0d3a81d.txt,https://investor.digitalrealty.com/financials/quarterly-results,https://investor.digitalrealty.com/static-files/705d000d-d664-4d47-bcd4-b96aaa12781e
Digital-Realty-2Q16-Earnings-Presentation.pdf,pdfs/Digital-Realty-2Q16-Earnings-Presentation__f953d03ad8.pdf,extracted/Digital-Realty-2Q16-Earnings-Presentation__f953d03ad8.txt,https://investor.digitalrealty.com/financials/quarterly-results,https://investor.digitalrealty.com/static-files/22a8a553-2ce5-453e-8012-b467da679bd8
2Q16-Financial-Supplemental-FINAL.pdf,pdfs/2Q16-Financial-Supplemental-FINAL__befb05de9b.pdf,extracted/2Q16-Financial-Supplemental-FINAL__befb05de9b.txt,https://investor.digitalrealty.com/financials/quarterly-results,https://investor.digitalrealty.com/static-files/c55b265a-4625-4abd-952e-18662a77f92c
Digital-Realty-Reports-First-Quarter-2016-Results.pdf,pdfs/Digital-Realty-Reports-First-Quarter-2016-Results__6584382cc5.pdf,extracted/Digital-Realty-Reports-First-Quarter-2016-Results__6584382cc5.txt,https://investor.digitalrealty.com/financials/quarterly-results,https://investor.digitalrealty.com/static-files/93701493-aeb2-4840-bfd1-07765ef8edf6
DLR-1Q16-Earnings-Presentation.pdf,pdfs/DLR-1Q16-Earnings-Presentation__366d209608.pdf,extracted/DLR-1Q16-Earnings-Presentation__366d209608.txt,https://investor.digitalrealty.com/financials/quarterly-results,https://investor.digitalrealty.com/static-files/8f1afd4e-a77e-4e26-bf94-04aaa7a91253
1Q16-Financial-Supplemental-FINAL.pdf,pdfs/1Q16-Financial-Supplemental-FINAL__04951d4b26.pdf,extracted/1Q16-Financial-Supplemental-FINAL__04951d4b26.txt,https://investor.digitalrealty.com/financials/quarterly-results,https://investor.digitalrealty.com/static-files/affa8929-2414-4f59-9c63-d2876d6c015a
Digital-Realty-Reports-Fourth-Quarter-And-Full-Year-2015-Results.pdf,pdfs/Digital-Realty-Reports-Fourth-Quarter-And-Full-Year-2015-Results__1b79a1b0ce.pdf,extracted/Digital-Realty-Reports-Fourth-Quarter-And-Full-Year-2015-Results__1b79a1b0ce.txt,https://investor.digitalrealty.com/financials/quarterly-results,https://investor.digitalrealty.com/static-files/3250a164-30aa-4c27-8fbd-3ad157a75cf3
DLR-Earnings-4Q15-Presentation-FINAL.pdf,pdfs/DLR-Earnings-4Q15-Presentation-FINAL__ccf3e6a2a9.pdf,extracted/DLR-Earnings-4Q15-Presentation-FINAL__ccf3e6a2a9.txt,https://investor.digitalrealty.com/financials/quarterly-results,https://investor.digitalrealty.com/static-files/148aa10e-aa19-4494-bc03-c8df91b7138d
4Q15-Financial-Supplemental_FINAL.pdf,pdfs/4Q15-Financial-Supplemental_FINAL__e033131b4c.pdf,extracted/4Q15-Financial-Supplemental_FINAL__e033131b4c.txt,https://investor.digitalrealty.com/financials/quarterly-results,https://investor.digitalrealty.com/static-files/18487391-d78b-41c5-a4d9-51d59d6483ba
Digital-Realty-Reports-Third-Quarter-2015-Results.pdf,pdfs/Digital-Realty-Reports-Third-Quarter-2015-Results__c9cb876d1c.pdf,extracted/Digital-Realty-Reports-Third-Quarter-2015-Results__c9cb876d1c.txt,https://investor.digitalrealty.com/financials/quarterly-results,https://investor.digitalrealty.com/static-files/95a6ea1a-8c53-4e26-bba0-ca4337f70a9c
DLR-Earnings-3Q15-Presentation.pdf,pdfs/DLR-Earnings-3Q15-Presentation__a96ef31f07.pdf,extracted/DLR-Earnings-3Q15-Presentation__a96ef31f07.txt,https://investor.digitalrealty.com/financials/quarterly-results,https://investor.digitalrealty.com/static-files/e9f0c3e1-71c6-449a-9849-e10a9abf73ac
3Q15-Financial-Supplemental-FINAL-FINAL.pdf,pdfs/3Q15-Financial-Supplemental-FINAL-FINAL__4febc0a93c.pdf,extracted/3Q15-Financial-Supplemental-FINAL-FINAL__4febc0a93c.txt,https://investor.digitalrealty.com/financials/quarterly-results,https://investor.digitalrealty.com/static-files/5b68ee3e-fd63-46d7-9a45-72776e7d3046
Digital-Realty-Reports-Second-Quarter-2015-Results.pdf,pdfs/Digital-Realty-Reports-Second-Quarter-2015-Results__b2df4b163a.pdf,extracted/Digital-Realty-Reports-Second-Quarter-2015-Results__b2df4b163a.txt,https://investor.digitalrealty.com/financials/quarterly-results,https://investor.digitalrealty.com/static-files/ee4c9d08-f71f-421b-848b-bb9f175b8cf7
1500074381.pdf,pdfs/1500074381__ddd17235a6.pdf,extracted/1500074381__ddd17235a6.txt,https://investor.digitalrealty.com/financials/quarterly-results,https://investor.digitalrealty.com/static-files/01062cbb-d2ea-4604-9f00-8c0fc646ec3e
1500074358.pdf,pdfs/1500074358__8ff3bf6557.pdf,extracted/1500074358__8ff3bf6557.txt,https://investor.digitalrealty.com/financials/quarterly-results,https://investor.digitalrealty.com/static-files/35367b4c-f614-40cf-b9e8-4a0d0ba3df9b
6988250c-60d6-4ae1-acc7-63f7f86573b0.pdf,pdfs/6988250c-60d6-4ae1-acc7-63f7f86573b0__709424f387.pdf,extracted/6988250c-60d6-4ae1-acc7-63f7f86573b0__709424f387.txt,https://investor.digitalrealty.com/financials/quarterly-results,https://investor.digitalrealty.com/static-files/fab21b2e-14ce-4b79-bde5-a52b3e4be98a
1500071495.pdf,pdfs/1500071495__c9531db56b.pdf,extracted/1500071495__c9531db56b.txt,https://investor.digitalrealty.com/financials/quarterly-results,https://investor.digitalrealty.com/static-files/510e013d-4491-4555-9c2c-b12c7f2e4c90
1500071496.pdf,pdfs/1500071496__4bd8bde2bc.pdf,extracted/1500071496__4bd8bde2bc.txt,https://investor.digitalrealty.com/financials/quarterly-results,https://investor.digitalrealty.com/static-files/ed3e7d16-b9f1-4ddc-ba8b-c03649175c01
ef8e125d-cda2-41a5-bc7c-5511d3a0f6dc.pdf,pdfs/ef8e125d-cda2-41a5-bc7c-5511d3a0f6dc__7f22b54e43.pdf,extracted/ef8e125d-cda2-41a5-bc7c-5511d3a0f6dc__7f22b54e43.txt,https://investor.digitalrealty.com/financials/quarterly-results,https://investor.digitalrealty.com/static-files/c8a7b729-d3b5-421c-b666-4c829c90ea81
1001194873.pdf,pdfs/1001194873__af934f15d0.pdf,extracted/1001194873__af934f15d0.txt,https://investor.digitalrealty.com/financials/quarterly-results,https://investor.digitalrealty.com/static-files/a997533a-df8d-45e6-9cd7-3150c9675897
1500068365.pdf,pdfs/1500068365__673504e048.pdf,extracted/1500068365__673504e048.txt,https://investor.digitalrealty.com/financials/quarterly-results,https://investor.digitalrealty.com/static-files/8c1c7274-528a-428d-9dea-02d0c8e6fbb4
22b5b96f-f390-4bc0-a869-35264815c34b.pdf,pdfs/22b5b96f-f390-4bc0-a869-35264815c34b__3fc2f3d26f.pdf,extracted/22b5b96f-f390-4bc0-a869-35264815c34b__3fc2f3d26f.txt,https://investor.digitalrealty.com/financials/quarterly-results,https://investor.digitalrealty.com/static-files/f419f169-f5ab-47f1-80ef-891d4450c75c
1500068159.pdf,pdfs/1500068159__896f3a4bf5.pdf,extracted/1500068159__896f3a4bf5.txt,https://investor.digitalrealty.com/financials/quarterly-results,https://investor.digitalrealty.com/static-files/dc37801d-4d92-4d43-a017-2c27db8869ab
1500068162.pdf,pdfs/1500068162__99d3998ec9.pdf,extracted/1500068162__99d3998ec9.txt,https://investor.digitalrealty.com/financials/quarterly-results,https://investor.digitalrealty.com/static-files/94115663-6592-4f4d-a13e-9e397544585a
3941cc59-2ec4-4bcf-a5af-377fb76d042d.pdf,pdfs/3941cc59-2ec4-4bcf-a5af-377fb76d042d__dc990a0ee3.pdf,extracted/3941cc59-2ec4-4bcf-a5af-377fb76d042d__dc990a0ee3.txt,https://investor.digitalrealty.com/financials/quarterly-results,https://investor.digitalrealty.com/static-files/d3d27ccc-85a6-4837-a936-e9212bd745b4
Q2-Earnings-Conference-Call-presentation.pdf,pdfs/Q2-Earnings-Conference-Call-presentation__a9cc95792b.pdf,extracted/Q2-Earnings-Conference-Call-presentation__a9cc95792b.txt,https://investor.digitalrealty.com/financials/quarterly-results,https://investor.digitalrealty.com/static-files/54dab5c8-bfc5-455e-9008-1379be2dfeb0
1001194953.pdf,pdfs/1001194953__749a3daa47.pdf,extracted/1001194953__749a3daa47.txt,https://investor.digitalrealty.com/financials/quarterly-results,https://investor.digitalrealty.com/static-files/42c7bf24-ba52-4c28-b44a-a0894ecdcc64
Digital-Realty-Reports-First-Quarter-2014-Results.pdf,pdfs/Digital-Realty-Reports-First-Quarter-2014-Results__46236e8b8d.pdf,extracted/Digital-Realty-Reports-First-Quarter-2014-Results__46236e8b8d.txt,https://investor.digitalrealty.com/financials/quarterly-results,https://investor.digitalrealty.com/static-files/3a5dc24f-56e4-4c42-80a8-88d999f29c7b
1500068157.pdf,pdfs/1500068157__50531da851.pdf,extracted/1500068157__50531da851.txt,https://investor.digitalrealty.com/financials/quarterly-results,https://investor.digitalrealty.com/static-files/cab7d427-45ba-4a43-8ffe-957bf590f1e3
1500068160.pdf,pdfs/1500068160__d2c843225b.pdf,extracted/1500068160__d2c843225b.txt,https://investor.digitalrealty.com/financials/quarterly-results,https://investor.digitalrealty.com/static-files/1c8e92e5-4af8-4cab-8ea4-f140c4e48cfa
245f2d3f-ce47-4e51-9990-e30ae8c3dc4f.pdf,pdfs/245f2d3f-ce47-4e51-9990-e30ae8c3dc4f__54a1efab44.pdf,extracted/245f2d3f-ce47-4e51-9990-e30ae8c3dc4f__54a1efab44.txt,https://investor.digitalrealty.com/financials/quarterly-results,https://investor.digitalrealty.com/static-files/18ba1f50-12f8-4720-9625-31f82530b58a
1500068151.pdf,pdfs/1500068151__83517abdae.pdf,extracted/1500068151__83517abdae.txt,https://investor.digitalrealty.com/financials/quarterly-results,https://investor.digitalrealty.com/static-files/2f2fa363-de21-4962-a25d-17e8fc031766
1500068155.pdf,pdfs/1500068155__98a340248e.pdf,extracted/1500068155__98a340248e.txt,https://investor.digitalrealty.com/financials/quarterly-results,https://investor.digitalrealty.com/static-files/ce770852-11c1-4b86-b0a9-9eb7d0c219d9
25253abb-635e-4dab-a299-64e1f4a5f6dd.pdf,pdfs/25253abb-635e-4dab-a299-64e1f4a5f6dd__dae95d0f0b.pdf,extracted/25253abb-635e-4dab-a299-64e1f4a5f6dd__dae95d0f0b.txt,https://investor.digitalrealty.com/financials/quarterly-results,https://investor.digitalrealty.com/static-files/3baad664-40e3-4be7-ba3f-11c08a6afe05
1500068150.pdf,pdfs/1500068150__3b34f03c7a.pdf,extracted/1500068150__3b34f03c7a.txt,https://investor.digitalrealty.com/financials/quarterly-results,https://investor.digitalrealty.com/static-files/c726ef1b-04af-49e6-9678-2525cc7bd5f1
1500068154.pdf,pdfs/1500068154__cb3db63b8c.pdf,extracted/1500068154__cb3db63b8c.txt,https://investor.digitalrealty.com/financials/quarterly-results,https://investor.digitalrealty.com/static-files/f3a99985-5040-44e8-9fae-7218d5d2a0e3
fdc0b97c-70db-45ae-a588-7b2918f31d60.pdf,pdfs/fdc0b97c-70db-45ae-a588-7b2918f31d60__f691a6ece5.pdf,extracted/fdc0b97c-70db-45ae-a588-7b2918f31d60__f691a6ece5.txt,https://investor.digitalrealty.com/financials/quarterly-results,https://investor.digitalrealty.com/static-files/a95ba286-8b2e-4f90-bf2a-d5f0abceee9a
1500068153.pdf,pdfs/1500068153__83a76fb14b.pdf,extracted/1500068153__83a76fb14b.txt,https://investor.digitalrealty.com/financials/quarterly-results,https://investor.digitalrealty.com/static-files/d0ac5314-7167-4884-bf4a-c05fa5b477ad
1b0d42a2-d54d-46a4-8adb-27aba42e90be.pdf,pdfs/1b0d42a2-d54d-46a4-8adb-27aba42e90be__d2c7e03ae4.pdf,extracted/1b0d42a2-d54d-46a4-8adb-27aba42e90be__d2c7e03ae4.txt,https://investor.digitalrealty.com/financials/quarterly-results,https://investor.digitalrealty.com/static-files/16e94fa5-209f-4940-a943-a1dddf4b894e
1500068152.pdf,pdfs/1500068152__5dcb8dafd1.pdf,extracted/1500068152__5dcb8dafd1.txt,https://investor.digitalrealty.com/financials/quarterly-results,https://investor.digitalrealty.com/static-files/3918087b-25a3-44a8-8664-6f2dc7b24ace
9a9d5b69-6d46-45cf-a27b-a548559384c2.pdf,pdfs/9a9d5b69-6d46-45cf-a27b-a548559384c2__ecde20c250.pdf,extracted/9a9d5b69-6d46-45cf-a27b-a548559384c2__ecde20c250.txt,https://investor.digitalrealty.com/financials/quarterly-results,https://investor.digitalrealty.com/static-files/29cce2d8-5095-427d-acce-75482a0f5de2
1500068146.pdf,pdfs/1500068146__007309c201.pdf,extracted/1500068146__007309c201.txt,https://investor.digitalrealty.com/financials/quarterly-results,https://investor.digitalrealty.com/static-files/2225ba49-7b04-46c8-a778-08f879720bf1
792f7706-e951-468b-84dd-ad5ab844e153.pdf,pdfs/792f7706-e951-468b-84dd-ad5ab844e153__dfc4bd6522.pdf,extracted/792f7706-e951-468b-84dd-ad5ab844e153__dfc4bd6522.txt,https://investor.digitalrealty.com/financials/quarterly-results,https://investor.digitalrealty.com/static-files/c357d297-e97b-464f-be66-a7aa0cb13a3c
1500068145.pdf,pdfs/1500068145__8ec346d925.pdf,extracted/1500068145__8ec346d925.txt,https://investor.digitalrealty.com/financials/quarterly-results,https://investor.digitalrealty.com/static-files/6c35234e-28df-484a-8475-4b565baacbf8
ef970d2b-f84e-43c8-94ac-f7aa1d85152e.pdf,pdfs/ef970d2b-f84e-43c8-94ac-f7aa1d85152e__28425f29ca.pdf,extracted/ef970d2b-f84e-43c8-94ac-f7aa1d85152e__28425f29ca.txt,https://investor.digitalrealty.com/financials/quarterly-results,https://investor.digitalrealty.com/static-files/da662e6f-5fce-4037-8898-35adb97d67c8
1500068144.pdf,pdfs/1500068144__79079f0237.pdf,extracted/1500068144__79079f0237.txt,https://investor.digitalrealty.com/financials/quarterly-results,https://investor.digitalrealty.com/static-files/adcd3492-078c-4bdd-abdb-69ef739c114a
61742c45-725f-4ccc-a94e-e447b146dba8.pdf,pdfs/61742c45-725f-4ccc-a94e-e447b146dba8__4f7e45682d.pdf,extracted/61742c45-725f-4ccc-a94e-e447b146dba8__4f7e45682d.txt,https://investor.digitalrealty.com/financials/quarterly-results,https://investor.digitalrealty.com/static-files/80398bfa-ed2d-458d-b087-43b64ef75470
1500068143.pdf,pdfs/1500068143__b9fa78e9a7.pdf,extracted/1500068143__b9fa78e9a7.txt,https://investor.digitalrealty.com/financials/quarterly-results,https://investor.digitalrealty.com/static-files/a5e6cecb-3c93-45c6-9808-ab2778d75052
56d003d3-9f91-4ef4-b0fb-942ff83fbb1f.pdf,pdfs/56d003d3-9f91-4ef4-b0fb-942ff83fbb1f__476211ec23.pdf,extracted/56d003d3-9f91-4ef4-b0fb-942ff83fbb1f__476211ec23.txt,https://investor.digitalrealty.com/financials/quarterly-results,https://investor.digitalrealty.com/static-files/fb756d7d-464d-4fab-8b44-af3f871f4bf5
1500068138.pdf,pdfs/1500068138__24e16e1864.pdf,extracted/1500068138__24e16e1864.txt,https://investor.digitalrealty.com/financials/quarterly-results,https://investor.digitalrealty.com/static-files/5e49e39e-b28d-449e-8e7f-4f3ee1ebdb65
758bb2fa-dfd9-4f12-af62-8f1f01b499aa.pdf,pdfs/758bb2fa-dfd9-4f12-af62-8f1f01b499aa__01cdfce3c8.pdf,extracted/758bb2fa-dfd9-4f12-af62-8f1f01b499aa__01cdfce3c8.txt,https://investor.digitalrealty.com/financials/quarterly-results,https://investor.digitalrealty.com/static-files/6fdfd033-ecab-46ea-9065-4f04296fdab8
a55e701e-39b7-4545-a25e-a155a203d554.pdf,pdfs/a55e701e-39b7-4545-a25e-a155a203d554__8ebb459368.pdf,extracted/a55e701e-39b7-4545-a25e-a155a203d554__8ebb459368.txt,https://investor.digitalrealty.com/financials/quarterly-results,https://investor.digitalrealty.com/static-files/2b3ad88f-cd24-40a7-847d-32d0623056ea
1500068136.pdf,pdfs/1500068136__9c66ed6893.pdf,extracted/1500068136__9c66ed6893.txt,https://investor.digitalrealty.com/financials/quarterly-results,https://investor.digitalrealty.com/static-files/2eec38f6-d5b3-479a-94ea-3d302de5fa04
1aa403c6-b50f-45ac-8fc2-c72b79bc71ff.pdf,pdfs/1aa403c6-b50f-45ac-8fc2-c72b79bc71ff__73aadde36d.pdf,extracted/1aa403c6-b50f-45ac-8fc2-c72b79bc71ff__73aadde36d.txt,https://investor.digitalrealty.com/financials/quarterly-results,https://investor.digitalrealty.com/static-files/7af73d20-4351-4bfe-bb46-964926d5dbc1
1500068132.pdf,pdfs/1500068132__1252da6fd9.pdf,extracted/1500068132__1252da6fd9.txt,https://investor.digitalrealty.com/financials/quarterly-results,https://investor.digitalrealty.com/static-files/b91e2098-62a4-4d1d-83e2-398487643304
1500068130.pdf,pdfs/1500068130__3f568e3c28.pdf,extracted/1500068130__3f568e3c28.txt,https://investor.digitalrealty.com/financials/quarterly-results,https://investor.digitalrealty.com/static-files/6f48b4b9-cd1d-4694-ad3f-a1c76cd05819
eb1a5e2e-bba7-46de-8029-4af1e5c1a2a7.pdf,pdfs/eb1a5e2e-bba7-46de-8029-4af1e5c1a2a7__369e744be4.pdf,extracted/eb1a5e2e-bba7-46de-8029-4af1e5c1a2a7__369e744be4.txt,https://investor.digitalrealty.com/financials/quarterly-results,https://investor.digitalrealty.com/static-files/93c36522-6418-4055-8d1a-d9f5c8829a15
1500068129.pdf,pdfs/1500068129__565322c272.pdf,extracted/1500068129__565322c272.txt,https://investor.digitalrealty.com/financials/quarterly-results,https://investor.digitalrealty.com/static-files/714e3a55-e8f5-466f-b9ba-ffc5a643453b
484fd686-1b2a-433c-bf48-4a8a43df3954.pdf,pdfs/484fd686-1b2a-433c-bf48-4a8a43df3954__dee57e3748.pdf,extracted/484fd686-1b2a-433c-bf48-4a8a43df3954__dee57e3748.txt,https://investor.digitalrealty.com/financials/quarterly-results,https://investor.digitalrealty.com/static-files/d741a0d9-203d-4257-8368-8dc401a66437
1500068127.pdf,pdfs/1500068127__e524c10964.pdf,extracted/1500068127__e524c10964.txt,https://investor.digitalrealty.com/financials/quarterly-results,https://investor.digitalrealty.com/static-files/e53a18da-a766-42c5-ad67-2ac0afa0cee3
92ebd363-aee0-40ca-9340-dec028c21943.pdf,pdfs/92ebd363-aee0-40ca-9340-dec028c21943__f93541eb32.pdf,extracted/92ebd363-aee0-40ca-9340-dec028c21943__f93541eb32.txt,https://investor.digitalrealty.com/financials/quarterly-results,https://investor.digitalrealty.com/static-files/0ce4c7da-d1b9-458c-9f9d-220fc0c8f6ae
1500068125.pdf,pdfs/1500068125__26a14e9c40.pdf,extracted/1500068125__26a14e9c40.txt,https://investor.digitalrealty.com/financials/quarterly-results,https://investor.digitalrealty.com/static-files/a7c35e2e-7698-406b-b00e-5d53b0f1e5f4
ae3e853a-7ebb-47eb-91a7-878e7e43d91b.pdf,pdfs/ae3e853a-7ebb-47eb-91a7-878e7e43d91b__c6e42cd08e.pdf,extracted/ae3e853a-7ebb-47eb-91a7-878e7e43d91b__c6e42cd08e.txt,https://investor.digitalrealty.com/financials/quarterly-results,https://investor.digitalrealty.com/static-files/2f5dcd51-ce64-4211-b2c8-86ac5b5c1e6c
Supplemental-information1209.pdf,pdfs/Supplemental-information1209__e0f88f4575.pdf,extracted/Supplemental-information1209__e0f88f4575.txt,https://investor.digitalrealty.com/financials/quarterly-results,https://investor.digitalrealty.com/static-files/fc179ddd-1231-49be-ae82-e77c4c9fdf03
f6d2502e-c35b-48c7-8a1f-dd3cc2659887.pdf,pdfs/f6d2502e-c35b-48c7-8a1f-dd3cc2659887__185d738621.pdf,extracted/f6d2502e-c35b-48c7-8a1f-dd3cc2659887__185d738621.txt,https://investor.digitalrealty.com/financials/quarterly-results,https://investor.digitalrealty.com/static-files/72bfac12-3be5-4bfb-8255-db88212aa598
1500068121.pdf,pdfs/1500068121__2e43857877.pdf,extracted/1500068121__2e43857877.txt,https://investor.digitalrealty.com/financials/quarterly-results,https://investor.digitalrealty.com/static-files/3be1d795-f4ef-4067-8d0b-9b8c8f6e6a8c
f64e9050-de8b-42d0-b279-8370c18d24e2.pdf,pdfs/f64e9050-de8b-42d0-b279-8370c18d24e2__37f0ba4bd2.pdf,extracted/f64e9050-de8b-42d0-b279-8370c18d24e2__37f0ba4bd2.txt,https://investor.digitalrealty.com/financials/quarterly-results,https://investor.digitalrealty.com/static-files/9e9b019f-bcce-4072-9aaf-164a703ba716
1001194718.pdf,pdfs/1001194718__2934d8a318.pdf,extracted/1001194718__2934d8a318.txt,https://investor.digitalrealty.com/financials/quarterly-results,https://investor.digitalrealty.com/static-files/6eb565f4-7d61-4d5d-bcd5-f766efe9d790
5d4de360-3d94-421d-8419-cdbf745424ba.pdf,pdfs/5d4de360-3d94-421d-8419-cdbf745424ba__2f54918ab8.pdf,extracted/5d4de360-3d94-421d-8419-cdbf745424ba__2f54918ab8.txt,https://investor.digitalrealty.com/financials/quarterly-results,https://investor.digitalrealty.com/static-files/2a7ec435-2ed9-40d2-9418-fe30f5d7bbf5
1500068117.pdf,pdfs/1500068117__8691b4cb46.pdf,extracted/1500068117__8691b4cb46.txt,https://investor.digitalrealty.com/financials/quarterly-results,https://investor.digitalrealty.com/static-files/3694c40b-d85c-4df7-9875-371c53ab74b2
ac41d375-f4a3-45cf-bfcb-89a7b40b2c25.pdf,pdfs/ac41d375-f4a3-45cf-bfcb-89a7b40b2c25__696982c378.pdf,extracted/ac41d375-f4a3-45cf-bfcb-89a7b40b2c25__696982c378.txt,https://investor.digitalrealty.com/financials/quarterly-results,https://investor.digitalrealty.com/static-files/98caa9d9-a391-44f5-b65d-462c3e408ad4
1001194626.pdf,pdfs/1001194626__9c8f0a1132.pdf,extracted/1001194626__9c8f0a1132.txt,https://investor.digitalrealty.com/financials/quarterly-results,https://investor.digitalrealty.com/static-files/98927618-64ce-46c6-8941-bd1ed8f472d9
b197358c-b8cc-4a07-a369-db0580579ac5.pdf,pdfs/b197358c-b8cc-4a07-a369-db0580579ac5__fd6919b9c1.pdf,extracted/b197358c-b8cc-4a07-a369-db0580579ac5__fd6919b9c1.txt,https://investor.digitalrealty.com/financials/quarterly-results,https://investor.digitalrealty.com/static-files/83a13fbf-036b-4759-8e38-9c7a4289b3b0
1001194625.pdf,pdfs/1001194625__d049c345c5.pdf,extracted/1001194625__d049c345c5.txt,https://investor.digitalrealty.com/financials/quarterly-results,https://investor.digitalrealty.com/static-files/02c7e4dc-9e37-4d8d-8bb2-d2b12550dff2
ce054881-8bf0-4b3d-ba92-c969b6520610.pdf,pdfs/ce054881-8bf0-4b3d-ba92-c969b6520610__cd83310d80.pdf,extracted/ce054881-8bf0-4b3d-ba92-c969b6520610__cd83310d80.txt,https://investor.digitalrealty.com/financials/quarterly-results,https://investor.digitalrealty.com/static-files/b834b92b-f047-49f3-9bcd-85dff35688e7
1001194623.pdf,pdfs/1001194623__21841f4fbc.pdf,extracted/1001194623__21841f4fbc.txt,https://investor.digitalrealty.com/financials/quarterly-results,https://investor.digitalrealty.com/static-files/8d51d8bc-822e-4afb-8415-165a8c5daeb5
6d74fcef-999e-43dd-a50f-a2f2d377bb7d.pdf,pdfs/6d74fcef-999e-43dd-a50f-a2f2d377bb7d__3959003053.pdf,extracted/6d74fcef-999e-43dd-a50f-a2f2d377bb7d__3959003053.txt,https://investor.digitalrealty.com/financials/quarterly-results,https://investor.digitalrealty.com/static-files/72858eb9-d05f-4e36-8458-7c8dc823ce63
1001194621.pdf,pdfs/1001194621__e760380b2c.pdf,extracted/1001194621__e760380b2c.txt,https://investor.digitalrealty.com/financials/quarterly-results,https://investor.digitalrealty.com/static-files/374030d6-e9f2-4313-ad06-a8f57dfb790c
c6801206-938e-473f-8bbc-68e76013deca.pdf,pdfs/c6801206-938e-473f-8bbc-68e76013deca__14d9a3f2ea.pdf,extracted/c6801206-938e-473f-8bbc-68e76013deca__14d9a3f2ea.txt,https://investor.digitalrealty.com/financials/quarterly-results,https://investor.digitalrealty.com/static-files/85a93e4f-0cf3-457a-9867-accf19502539
1001194617.pdf,pdfs/1001194617__79e5182448.pdf,extracted/1001194617__79e5182448.txt,https://investor.digitalrealty.com/financials/quarterly-results,https://investor.digitalrealty.com/static-files/1a2e84ca-38a3-45f8-ad79-a173e740a260
1001194615.pdf,pdfs/1001194615__f567ffbd78.pdf,extracted/1001194615__f567ffbd78.txt,https://investor.digitalrealty.com/financials/quarterly-results,https://investor.digitalrealty.com/static-files/bedbd0dd-5c60-4c5c-ae46-d041c0acdb5a
8b3c3656-3217-49ff-8a35-aedaca140568.pdf,pdfs/8b3c3656-3217-49ff-8a35-aedaca140568__3c4024d541.pdf,extracted/8b3c3656-3217-49ff-8a35-aedaca140568__3c4024d541.txt,https://investor.digitalrealty.com/financials/quarterly-results,https://investor.digitalrealty.com/static-files/97ec7b66-44e0-4f3c-9668-98ae09c39201
1001194613.pdf,pdfs/1001194613__0aaeac4d5c.pdf,extracted/1001194613__0aaeac4d5c.txt,https://investor.digitalrealty.com/financials/quarterly-results,https://investor.digitalrealty.com/static-files/78c6bc05-01ca-4ddd-b0f3-c970b163a509
6fd475cf-05ce-4a65-8d9e-859219caf52c.pdf,pdfs/6fd475cf-05ce-4a65-8d9e-859219caf52c__d75fcfde9b.pdf,extracted/6fd475cf-05ce-4a65-8d9e-859219caf52c__d75fcfde9b.txt,https://investor.digitalrealty.com/financials/quarterly-results,https://investor.digitalrealty.com/static-files/3bb24620-2a1c-48fd-a8bd-d1cf752949ef
1500068177.pdf,pdfs/1500068177__b728d20ef1.pdf,extracted/1500068177__b728d20ef1.txt,https://investor.digitalrealty.com/financials/quarterly-results,https://investor.digitalrealty.com/static-files/6bff6878-48e6-4f77-b561-bc080fc72c03
34a87930-7d6f-41b2-a0d8-262bd1fde4d6.pdf,pdfs/34a87930-7d6f-41b2-a0d8-262bd1fde4d6__477cda824b.pdf,extracted/34a87930-7d6f-41b2-a0d8-262bd1fde4d6__477cda824b.txt,https://investor.digitalrealty.com/financials/quarterly-results,https://investor.digitalrealty.com/static-files/38f899c9-e915-49b6-977a-c451dcd42b30
1001194608.pdf,pdfs/1001194608__6c1133db08.pdf,extracted/1001194608__6c1133db08.txt,https://investor.digitalrealty.com/financials/quarterly-results,https://investor.digitalrealty.com/static-files/9668ed5d-a0f2-4719-802f-9fe3f71f4096
471c29fd-cddc-45ca-b20e-9f69db98b07d.pdf,pdfs/471c29fd-cddc-45ca-b20e-9f69db98b07d__50cb9763a8.pdf,extracted/471c29fd-cddc-45ca-b20e-9f69db98b07d__50cb9763a8.txt,https://investor.digitalrealty.com/financials/quarterly-results,https://investor.digitalrealty.com/static-files/0c5f7dbc-d594-4380-a859-396b70e0e3a5
1001194606.pdf,pdfs/1001194606__3622eaa2ee.pdf,extracted/1001194606__3622eaa2ee.txt,https://investor.digitalrealty.com/financials/quarterly-results,https://investor.digitalrealty.com/static-files/115244d6-8966-47e7-bc75-d0723dbcb48b
a38d0b3f-ff44-4a6f-a6cd-d9480f3bef82.pdf,pdfs/a38d0b3f-ff44-4a6f-a6cd-d9480f3bef82__6d001724c9.pdf,extracted/a38d0b3f-ff44-4a6f-a6cd-d9480f3bef82__6d001724c9.txt,https://investor.digitalrealty.com/financials/quarterly-results,https://investor.digitalrealty.com/static-files/f4a7ee01-f39a-4ca9-a2d9-ef8834e88198
1001194604.pdf,pdfs/1001194604__f8920fca18.pdf,extracted/1001194604__f8920fca18.txt,https://investor.digitalrealty.com/financials/quarterly-results,https://investor.digitalrealty.com/static-files/48f7f613-5109-4462-8573-62b462395094
83079c4d-b4bb-4592-a76a-9aca837e0e92.pdf,pdfs/83079c4d-b4bb-4592-a76a-9aca837e0e92__e04f276bd2.pdf,extracted/83079c4d-b4bb-4592-a76a-9aca837e0e92__e04f276bd2.txt,https://investor.digitalrealty.com/financials/quarterly-results,https://investor.digitalrealty.com/static-files/f5913f11-4353-4b90-bfd2-bef9ae13d3ff
1001194601.pdf,pdfs/1001194601__fb6bac8588.pdf,extracted/1001194601__fb6bac8588.txt,https://investor.digitalrealty.com/financials/quarterly-results,https://investor.digitalrealty.com/static-files/c22469ae-b098-4d7b-93d7-e85da533bdd1
0abac174-cadb-4c98-921f-e43eaed06567.pdf,pdfs/0abac174-cadb-4c98-921f-e43eaed06567__d5bbb7d55f.pdf,extracted/0abac174-cadb-4c98-921f-e43eaed06567__d5bbb7d55f.txt,https://investor.digitalrealty.com/financials/quarterly-results,https://investor.digitalrealty.com/static-files/1651255e-450f-4da4-a2c4-385c141aff8c
1001194597.pdf,pdfs/1001194597__c7c2eefa46.pdf,extracted/1001194597__c7c2eefa46.txt,https://investor.digitalrealty.com/financials/quarterly-results,https://investor.digitalrealty.com/static-files/2d611309-26fb-4e08-acb0-19bfa9f947a5
6ff27d5a-7cdf-4ced-b5ec-ac4ad310ae6c.pdf,pdfs/6ff27d5a-7cdf-4ced-b5ec-ac4ad310ae6c__e9cd452684.pdf,extracted/6ff27d5a-7cdf-4ced-b5ec-ac4ad310ae6c__e9cd452684.txt,https://investor.digitalrealty.com/financials/quarterly-results,https://investor.digitalrealty.com/static-files/46597bb0-621a-4d23-b541-d43d6710e5d3
1001194595.pdf,pdfs/1001194595__c0f55d7ca2.pdf,extracted/1001194595__c0f55d7ca2.txt,https://investor.digitalrealty.com/financials/quarterly-results,https://investor.digitalrealty.com/static-files/04a556ab-10fb-432f-bede-a041fb8bb9ed
4a169d8d-f725-47cf-b17e-df2195a85410.pdf,pdfs/4a169d8d-f725-47cf-b17e-df2195a85410__b2beba33ac.pdf,extracted/4a169d8d-f725-47cf-b17e-df2195a85410__b2beba33ac.txt,https://investor.digitalrealty.com/financials/quarterly-results,https://investor.digitalrealty.com/static-files/a78607f4-3f92-4558-a7c3-b50488dcdb69
1001194593.pdf,pdfs/1001194593__06f855a04e.pdf,extracted/1001194593__06f855a04e.txt,https://investor.digitalrealty.com/financials/quarterly-results,https://investor.digitalrealty.com/static-files/341fc9f0-7f3c-4258-9084-102f017e40d6
ca0d33d1-8e38-4ba2-90a6-bf8c0868c344.pdf,pdfs/ca0d33d1-8e38-4ba2-90a6-bf8c0868c344__4884dfa7bb.pdf,extracted/ca0d33d1-8e38-4ba2-90a6-bf8c0868c344__4884dfa7bb.txt,https://investor.digitalrealty.com/financials/quarterly-results,https://investor.digitalrealty.com/static-files/7b9384b7-a6bc-456e-97b9-712137a5cde9
1001194591.pdf,pdfs/1001194591__e4b1dea4ce.pdf,extracted/1001194591__e4b1dea4ce.txt,https://investor.digitalrealty.com/financials/quarterly-results,https://investor.digitalrealty.com/static-files/15210a9b-fc0f-4f50-933d-fc8e829e3b2e
d82efda5-d97c-4005-81d5-27fac8d39166.pdf,pdfs/d82efda5-d97c-4005-81d5-27fac8d39166__060f25ccd3.pdf,extracted/d82efda5-d97c-4005-81d5-27fac8d39166__060f25ccd3.txt,https://investor.digitalrealty.com/financials/quarterly-results,https://investor.digitalrealty.com/static-files/67decbb1-1e8d-4e86-a8c3-2f006ca6770f
Download,pdfs/Download__29af557c10.pdf,extracted/Download__29af557c10.txt,https://ec.europa.eu/transparency-initiative/meetings/meeting.do?host=61569260-525e-42f8-aa52-51d7bfc30d4f&page=1,https://ec.europa.eu/transparency-initiative/meetings/data/meetings/b55d88d1-9815-455d-8e48-d44df44e6762/minutes
Download,pdfs/Download__4c82c72e5b.pdf,extracted/Download__4c82c72e5b.txt,https://ec.europa.eu/transparency-initiative/meetings/meeting.do?host=61569260-525e-42f8-aa52-51d7bfc30d4f&page=1,https://ec.europa.eu/transparency-initiative/meetings/data/meetings/1da5af5b-d5b1-4fe9-968f-adff7b5bcca7/minutes
Download,pdfs/Download__31ed51c857.pdf,extracted/Download__31ed51c857.txt,https://ec.europa.eu/transparency-initiative/meetings/meeting.do?host=61569260-525e-42f8-aa52-51d7bfc30d4f&page=1,https://ec.europa.eu/transparency-initiative/meetings/data/meetings/106d1514-15ce-4c7f-952f-1f362e7dce0b/minutes
Download,pdfs/Download__1b9e4da180.pdf,extracted/Download__1b9e4da180.txt,https://ec.europa.eu/transparency-initiative/meetings/meeting.do?host=61569260-525e-42f8-aa52-51d7bfc30d4f&page=1,https://ec.europa.eu/transparency-initiative/meetings/data/meetings/ba2b6237-3d51-4791-b1e6-e171b55f4918/minutes
Download,pdfs/Download__a956ac9776.pdf,extracted/Download__a956ac9776.txt,https://ec.europa.eu/transparency-initiative/meetings/meeting.do?host=aae7124c-b839-4139-9ffe-ad5660fe9404,https://ec.europa.eu/transparency-initiative/meetings/data/meetings/fd29eaeb-9dbe-43b3-834b-e76a8012b602/minutes
Download,pdfs/Download__bd8eb87a67.pdf,extracted/Download__bd8eb87a67.txt,https://ec.europa.eu/transparency-initiative/meetings/meeting.do?host=aae7124c-b839-4139-9ffe-ad5660fe9404,https://ec.europa.eu/transparency-initiative/meetings/data/meetings/0e6bdfa9-e64f-41ef-9189-76c274b34425/minutes
Download,pdfs/Download__f6554d85b1.pdf,extracted/Download__f6554d85b1.txt,https://ec.europa.eu/transparency-initiative/meetings/meeting.do?host=aae7124c-b839-4139-9ffe-ad5660fe9404,https://ec.europa.eu/transparency-initiative/meetings/data/meetings/b2ce352a-13a6-4981-930d-f22da1d51bbc/minutes
Download,pdfs/Download__9429abcc82.pdf,extracted/Download__9429abcc82.txt,https://ec.europa.eu/transparency-initiative/meetings/meeting.do?host=aae7124c-b839-4139-9ffe-ad5660fe9404,https://ec.europa.eu/transparency-initiative/meetings/data/meetings/3945e78e-b819-49dc-99c9-28b8683d96a3/minutes
Download,pdfs/Download__832b655fc5.pdf,extracted/Download__832b655fc5.txt,https://ec.europa.eu/transparency-initiative/meetings/meeting.do?host=aae7124c-b839-4139-9ffe-ad5660fe9404,https://ec.europa.eu/transparency-initiative/meetings/data/meetings/2c1ffd85-4ae4-4698-b450-208565761f4a/minutes
Download,pdfs/Download__69c41a35e9.pdf,extracted/Download__69c41a35e9.txt,https://ec.europa.eu/transparency-initiative/meetings/meeting.do?host=aae7124c-b839-4139-9ffe-ad5660fe9404,https://ec.europa.eu/transparency-initiative/meetings/data/meetings/8eca1ae9-5e10-4d0d-a929-ec7ba0021c3a/minutes
Download,pdfs/Download__3d0d59cb46.pdf,extracted/Download__3d0d59cb46.txt,https://ec.europa.eu/transparency-initiative/meetings/meeting.do?host=aae7124c-b839-4139-9ffe-ad5660fe9404,https://ec.europa.eu/transparency-initiative/meetings/data/meetings/9b00ee4b-2bd2-4a41-8f96-63b3e9379291/minutes
Download,pdfs/Download__eef49575b2.pdf,extracted/Download__eef49575b2.txt,https://ec.europa.eu/transparency-initiative/meetings/meeting.do?host=aae7124c-b839-4139-9ffe-ad5660fe9404,https://ec.europa.eu/transparency-initiative/meetings/data/meetings/abb5a42b-e065-4b7d-9314-2a759fed76b2/minutes
Download,pdfs/Download__0278ce955f.pdf,extracted/Download__0278ce955f.txt,https://ec.europa.eu/transparency-initiative/meetings/meeting.do?host=aae7124c-b839-4139-9ffe-ad5660fe9404,https://ec.europa.eu/transparency-initiative/meetings/data/meetings/c5b7caf4-fe5d-4ca6-a60f-a4800c770f15/minutes
Download,pdfs/Download__6518c12d83.pdf,extracted/Download__6518c12d83.txt,https://ec.europa.eu/transparency-initiative/meetings/meeting.do?host=aae7124c-b839-4139-9ffe-ad5660fe9404,https://ec.europa.eu/transparency-initiative/meetings/data/meetings/5c45a49c-8ab8-4f70-9df8-4f4d62c9d1a2/minutes
Download,pdfs/Download__5a001ea3aa.pdf,extracted/Download__5a001ea3aa.txt,https://ec.europa.eu/transparency-initiative/meetings/meeting.do?host=aae7124c-b839-4139-9ffe-ad5660fe9404,https://ec.europa.eu/transparency-initiative/meetings/data/meetings/b7aac9a6-b84d-4108-82a8-042a305bf3fa/minutes
Download,pdfs/Download__a07d478a23.pdf,extracted/Download__a07d478a23.txt,https://ec.europa.eu/transparency-initiative/meetings/meeting.do?host=aae7124c-b839-4139-9ffe-ad5660fe9404,https://ec.europa.eu/transparency-initiative/meetings/data/meetings/76613753-31be-46a4-b3d1-353483e2d3c1/minutes
Download,pdfs/Download__5647f4d927.pdf,extracted/Download__5647f4d927.txt,https://ec.europa.eu/transparency-initiative/meetings/meeting.do?host=aae7124c-b839-4139-9ffe-ad5660fe9404,https://ec.europa.eu/transparency-initiative/meetings/data/meetings/37193b2e-38e5-4555-8e65-e77138358d17/minutes
Download,pdfs/Download__9ed2ac2d1f.pdf,extracted/Download__9ed2ac2d1f.txt,https://ec.europa.eu/transparency-initiative/meetings/meeting.do?host=aae7124c-b839-4139-9ffe-ad5660fe9404,https://ec.europa.eu/transparency-initiative/meetings/data/meetings/b2fad442-1f3d-46fe-b8e2-f923c1594c4c/minutes
Download,pdfs/Download__99bb938126.pdf,extracted/Download__99bb938126.txt,https://ec.europa.eu/transparency-initiative/meetings/meeting.do?host=aae7124c-b839-4139-9ffe-ad5660fe9404,https://ec.europa.eu/transparency-initiative/meetings/data/meetings/6417e41c-fd9d-4b38-8337-c1fce039a888/minutes
Download,pdfs/Download__c4a93b8c24.pdf,extracted/Download__c4a93b8c24.txt,https://ec.europa.eu/transparency-initiative/meetings/meeting.do?host=aae7124c-b839-4139-9ffe-ad5660fe9404,https://ec.europa.eu/transparency-initiative/meetings/data/meetings/cd7a36d1-30f0-4985-b4c0-1ab0ad51064c/minutes
Download,pdfs/Download__0b84acde89.pdf,extracted/Download__0b84acde89.txt,https://ec.europa.eu/transparency-initiative/meetings/meeting.do?host=aae7124c-b839-4139-9ffe-ad5660fe9404,https://ec.europa.eu/transparency-initiative/meetings/data/meetings/45c2401b-08bf-4cb6-ba1c-56292b40cc83/minutes
1500068137.pdf,pdfs/1500068137__cccaee68ea.pdf,extracted/1500068137__cccaee68ea.txt,https://investor.digitalrealty.com/financials/quarterly-results,https://investor.digitalrealty.com/static-files/495cbab7-b890-46d4-afaf-fcf83a9a4e13
Download,pdfs/Download__66d6b4fd53.pdf,extracted/Download__66d6b4fd53.txt,https://ec.europa.eu/transparency-initiative/meetings/meeting.do?host=61569260-525e-42f8-aa52-51d7bfc30d4f&page=1,https://ec.europa.eu/transparency-initiative/meetings/data/meetings/6e69c7c2-e94f-4d28-bc8a-31309df25c5f/minutes
Download,pdfs/Download__d0cf2b60c9.pdf,extracted/Download__d0cf2b60c9.txt,https://ec.europa.eu/transparency-initiative/meetings/meeting.do?host=61569260-525e-42f8-aa52-51d7bfc30d4f&page=1,https://ec.europa.eu/transparency-initiative/meetings/data/meetings/707512ef-3aff-4eaa-b36a-ca20d2d75a95/minutes
Download,pdfs/Download__ae6fc086b2.pdf,extracted/Download__ae6fc086b2.txt,https://ec.europa.eu/transparency-initiative/meetings/meeting.do?host=61569260-525e-42f8-aa52-51d7bfc30d4f&page=1,https://ec.europa.eu/transparency-initiative/meetings/data/meetings/038e316b-3d0f-4033-ad8b-97f244e4b976/minutes
Download,pdfs/Download__6a77e1f9d3.pdf,extracted/Download__6a77e1f9d3.txt,https://ec.europa.eu/transparency-initiative/meetings/meeting.do?host=61569260-525e-42f8-aa52-51d7bfc30d4f&page=1,https://ec.europa.eu/transparency-initiative/meetings/data/meetings/ae4eb0f8-7638-48d3-990b-543d39c77cbf/minutes
Download,pdfs/Download__8f140e861c.pdf,extracted/Download__8f140e861c.txt,https://ec.europa.eu/transparency-initiative/meetings/meeting.do?host=61569260-525e-42f8-aa52-51d7bfc30d4f&page=1,https://ec.europa.eu/transparency-initiative/meetings/data/meetings/22a550d1-c972-4255-b28d-cf8dae57f935/minutes
Download,pdfs/Download__059dafcd6e.pdf,extracted/Download__059dafcd6e.txt,https://ec.europa.eu/transparency-initiative/meetings/meeting.do?host=61569260-525e-42f8-aa52-51d7bfc30d4f&page=1,https://ec.europa.eu/transparency-initiative/meetings/data/meetings/526835e7-400e-41b2-a075-b504d2ba6e94/minutes
Download,pdfs/Download__524af4fd5d.pdf,extracted/Download__524af4fd5d.txt,https://ec.europa.eu/transparency-initiative/meetings/meeting.do?host=61569260-525e-42f8-aa52-51d7bfc30d4f&page=1,https://ec.europa.eu/transparency-initiative/meetings/data/meetings/8352a1c4-a920-443c-9ab9-48d9be0f1fdc/minutes
Download,pdfs/Download__ff8dfe51ee.pdf,extracted/Download__ff8dfe51ee.txt,https://ec.europa.eu/transparency-initiative/meetings/meeting.do?host=61569260-525e-42f8-aa52-51d7bfc30d4f&page=1,https://ec.europa.eu/transparency-initiative/meetings/data/meetings/51fa8306-6af4-4fb6-99a9-448e41e2d768/minutes
Download,pdfs/Download__fa65157b7c.pdf,extracted/Download__fa65157b7c.txt,https://ec.europa.eu/transparency-initiative/meetings/meeting.do?host=61569260-525e-42f8-aa52-51d7bfc30d4f&page=1,https://ec.europa.eu/transparency-initiative/meetings/data/meetings/9679723c-4139-4d81-826b-2142e5c87bd6/minutes
Download,pdfs/Download__291586cf1f.pdf,extracted/Download__291586cf1f.txt,https://ec.europa.eu/transparency-initiative/meetings/meeting.do?host=61569260-525e-42f8-aa52-51d7bfc30d4f&page=1,https://ec.europa.eu/transparency-initiative/meetings/data/meetings/505f71ad-87b7-4bd6-bd8b-2964c2300cf1/minutes
Download,pdfs/Download__7313575f3a.pdf,extracted/Download__7313575f3a.txt,https://ec.europa.eu/transparency-initiative/meetings/meeting.do?host=61569260-525e-42f8-aa52-51d7bfc30d4f&page=1,https://ec.europa.eu/transparency-initiative/meetings/data/meetings/e0dc5826-2db4-4572-b3b3-4177b77883e3/minutes
Download,pdfs/Download__e6f2c05f25.pdf,extracted/Download__e6f2c05f25.txt,https://ec.europa.eu/transparency-initiative/meetings/meeting.do?host=aae7124c-b839-4139-9ffe-ad5660fe9404,https://ec.europa.eu/transparency-initiative/meetings/data/meetings/07c4ff2c-5c34-4943-b783-d787c7c827bf/minutes
Download,pdfs/Download__ef9d90668e.pdf,extracted/Download__ef9d90668e.txt,https://ec.europa.eu/transparency-initiative/meetings/meeting.do?host=aae7124c-b839-4139-9ffe-ad5660fe9404,https://ec.europa.eu/transparency-initiative/meetings/data/meetings/4cf5ff43-5951-43bb-97ac-55759e43f2bf/minutes
Download,pdfs/Download__f973c5250e.pdf,extracted/Download__f973c5250e.txt,https://ec.europa.eu/transparency-initiative/meetings/meeting.do?host=aae7124c-b839-4139-9ffe-ad5660fe9404,https://ec.europa.eu/transparency-initiative/meetings/data/meetings/beac922e-89c4-461f-b8e3-15ac6494ecbc/minutes
Download,pdfs/Download__65be9170fe.pdf,extracted/Download__65be9170fe.txt,https://ec.europa.eu/transparency-initiative/meetings/meeting.do?host=aae7124c-b839-4139-9ffe-ad5660fe9404,https://ec.europa.eu/transparency-initiative/meetings/data/meetings/611d1aa6-c853-44df-b93e-277b7171f756/minutes
Download,pdfs/Download__5ec182fc4b.pdf,extracted/Download__5ec182fc4b.txt,https://ec.europa.eu/transparency-initiative/meetings/meeting.do?host=aae7124c-b839-4139-9ffe-ad5660fe9404,https://ec.europa.eu/transparency-initiative/meetings/data/meetings/df6411a8-9bc2-4d8c-927e-b8ef03c9f9e3/minutes
Download,pdfs/Download__98544bd5cc.pdf,extracted/Download__98544bd5cc.txt,https://ec.europa.eu/transparency-initiative/meetings/meeting.do?host=aae7124c-b839-4139-9ffe-ad5660fe9404,https://ec.europa.eu/transparency-initiative/meetings/data/meetings/d801daaa-0c73-475e-92bd-861ece0285fd/minutes
Download,pdfs/Download__34d29680c6.pdf,extracted/Download__34d29680c6.txt,https://ec.europa.eu/transparency-initiative/meetings/meeting.do?host=aae7124c-b839-4139-9ffe-ad5660fe9404,https://ec.europa.eu/transparency-initiative/meetings/data/meetings/839350bb-8108-4209-bbb6-a8a7e33ed531/minutes
